{
  "ddata": {
    "output": {
      "pageAttributes": {
        "devicesCFLandingPageSection": [
          {
            "itemKey": "pageTitle",
            "itemValue": "Call filter",
            "itemType": null,
            "itemAttributes": {}
          },
          {
            "itemKey": "hashedAccountNumber",
            "itemValue": "##HASHED_ACCTNO##",
            "itemType": "text",
            "itemAttributes": {}
          },
          {
            "itemKey": "hashedMdn",
            "itemValue": "##HASHED_MDN##",
            "itemType": "text",
            "itemAttributes": {}
          }
        ],
        "devicesCFSettingsPageSection": [
          {
            "itemKey": "pageTitle",
            "itemValue": "Call filter",
            "itemType": null,
            "itemAttributes": {}
          },
          {
            "itemKey": "hashedAccountNumber",
            "itemValue": "##HASHED_ACCTNO##",
            "itemType": "text",
            "itemAttributes": {}
          },
          {
            "itemKey": "hashedMdn",
            "itemValue": "##HASHED_MDN##",
            "itemType": "text",
            "itemAttributes": {}
          }
        ],
        "devicesCFReportPageSection": [
          {
            "itemKey": "pageTitle",
            "itemValue": "Call filter",
            "itemType": null,
            "itemAttributes": {}
          },
          {
            "itemKey": "hashedAccountNumber",
            "itemValue": "##HASHED_ACCTNO##",
            "itemType": "text",
            "itemAttributes": {}
          },
          {
            "itemKey": "hashedMdn",
            "itemValue": "##HASHED_MDN##",
            "itemType": "text",
            "itemAttributes": {}
          }
        ],
        "devicesCFReportConfirmationPageSection": [
          {
            "itemKey": "pageTitle",
            "itemValue": "Call filter",
            "itemType": null,
            "itemAttributes": {}
          },
          {
            "itemKey": "hashedAccountNumber",
            "itemValue": "##HASHED_ACCTNO##",
            "itemType": "text",
            "itemAttributes": {}
          },
          {
            "itemKey": "hashedMdn",
            "itemValue": "##HASHED_MDN##",
            "itemType": "text",
            "itemAttributes": {}
          }
        ]
      },
      "sectionTemplates": {
        "devicesCFLandingPageSection": {
          "sectionIndex": "0",
          "sectionId": "devicesCFLandingPageSection",
          "sectionType": "deviceCFLandingSection",
          "sectionComponentId": null,
          "sectionText": null,
          "dataUrl": null,
          "clickStream": null,
          "sections": [],
          "actions": [
            {
              "actionKey": "reportANumberLinkAction",
              "actionValue": "/report",
              "actionType": "route",
              "clickstream": "report_a_number_cta"
            }
          ],
          "contents": [
            {
              "contentIndex": "0",
              "contentType": "recentSpamFilterPageContent",
              "items": [
                {
                  "itemKey": "calllogs",
                  "itemType": "text",
                  "itemValue": "Call log includes calls from the past 30 days and may not exactly match your device call log.",
                  "itemAttributes": {}
                },
                {
                  "itemKey": "reportanumber",
                  "itemType": "link",
                  "itemValue": "Need to report a number that isn't listed?",
                  "itemAttributes": {},
                  "actionKey": "reportANumberLinkAction"
                },
                {
                  "itemKey": "norecent",
                  "itemType": "text",
                  "itemValue": "No recents",
                  "itemAttributes": {}
                },
                {
                  "itemKey": "nocalllogs",
                  "itemType": "text",
                  "itemValue": "There are no calls to show for the selected filter.",
                  "itemAttributes": {}
                },
                {
                  "itemKey": "description",
                  "itemType": "text",
                  "itemValue": "317 spam calls have been blocked in the last 30 days",
                  "itemAttributes": {}
                }
              ]
            }
          ],
          "data": {
            "incomingCallList": [
              {
                "label": "All calls",
                "id": "ALL_CALLS",
                "count": "##ALL_CALLS_COUNT##"
              },
              {
                "label": "Blocked calls",
                "id": "BLOCKED_CALLS",
                "count": "##BLOCKED_CALLS_COUNT##"
              },
              {
                "label": "Identified spam",
                "id": "IDENTIFIED_SPAM",
                "count": "##IDENTIFIED_SPAM_COUNT##"
              }
            ],
            "detailsList": [
              {
                "formattedMTN": "##FORMATTED_MDN##",
                "encryptedMTN": "##ENCRYPTED_MTN##",
                "date": "##DATE##",
                "time": "##TIME##",
                "linkHeader": "##LINK_HEADER##",
                "linkUrl": "##LINK_ULR##",
                "type": "##TYPE##",
                "timeStamp": "##TIMESTAMP##"
              }
            ],
            "pageNumber": 1,
            "total": "##TOTAL##",
            "recordsPerPage": 20,
            "lastPageNumber": "##LAST_PAGE_NO##"
          }
        },
        "devicesCFSettingsPageSection": {
          "sectionIndex": "1",
          "sectionId": "devicesCFSettingsPageSection",
          "sectionType": "devicesCFSettingSection",
          "sectionComponentId": null,
          "sectionText": null,
          "dataUrl": null,
          "clickStream": null,
          "sections": [],
          "actions": [
            {
              "actionType": "http",
              "actionValue": "##HOST_NAME##/support/call-filter-legal/",
              "actionKey": "termsLinkAction",
              "clickStream": "terms_link"
            },
            {
              "actionType": "http",
              "actionValue": "##HOST_NAME##/about/privacy/full-privacy-policy",
              "actionKey": "privacyLinkAction",
              "clickStream": "privacy_link"
            },
            {
              "actionType": "http",
              "actionValue": "##HOST_NAME##//ui/hub/secure/overview?flow=1D#/",
              "actionKey": "backAction",
              "clickStream": "back_btn"
            },
            {
              "actionType": "http",
              "actionValue": "##HOST_NAME##/ui/acct/secure/productApps/",
              "actionKey": "addOnAction",
              "clickStream": "add_on_btn"
            }
          ],
          "contents": [
            {
              "contentIndex": "0",
              "contentType": "recentSpamFilterPageContent",
              "items": [
                {
                  "itemKey": "header",
                  "itemType": "text",
                  "itemValue": "Screen incoming calls and block spam for free",
                  "itemAttributes": {}
                },
                {
                  "itemKey": "description",
                  "itemType": "text",
                  "itemValue": "Auto-block spam calls by risk level.#Suspected spam calls that aren't auto-blocked will be labeled on your incoming call screen to help you decide if you want to answer.#Please note calls you want to receive may be auto-blocked by Call Filter, causing you to missing them.",
                  "itemAttributes": {}
                },
                {
                  "itemKey": "linkDescription",
                  "itemType": "text",
                  "itemValue": "By turning on Call Filter, you agree to our ",
                  "itemAttributes": {}
                },
                {
                  "itemKey": "bannermsg_success",
                  "itemType": "text",
                  "itemValue": "You've updated your call settings",
                  "itemAttributes": {}
                },
                {
                  "itemKey": "bannermsg_failure",
                  "itemType": "text",
                  "itemValue": "Your changes cannot be saved due to system error. Please try again later.",
                  "itemAttributes": {}
                },
                {
                  "itemKey": "termsUrl",
                  "itemType": "link",
                  "itemValue": "Terms and Conditions",
                  "actionKey": "termsLinkAction"
                },
                {
                  "itemKey": "privacyUrl",
                  "itemType": "link",
                  "itemValue": "Privacy Policy",
                  "actionKey": "privacyLinkAction"
                },
                {
                  "itemKey": "notEligible_description",
                  "itemType": "text",
                  "itemValue": "You can learn more about managing your Call Filter subscription in Add-ons & Apps.",
                  "itemAttributes": {}
                },
                {
                  "itemKey": "notEligible_errorBanner",
                  "itemType": "text",
                  "itemValue": "We can't complete your request right now.",
                  "itemAttributes": {}
                },
                {
                  "itemKey": "backBtn",
                  "itemType": "button",
                  "itemValue": "Back to Call Filter",
                  "actionKey": "backAction"
                },
                {
                  "itemKey": "addOnBtn",
                  "itemType": "button",
                  "itemValue": "Visit add-ons",
                  "actionKey": "addOnAction"
                }
              ]
            }
          ],
          "data": {
            "isCallFilterTurnOn": "##IS_CALL_FILTER_TURN_ON##",
            "callTreatment": {
              "criteria": "medium",
              "action": "block"
            },
            "criteriaList": [
              {
                "header": "High-risk only",
                "label": "Potential fraud. Number is usually disguised as private or anonymous.",
                "criteria": "high",
                "value": "High-risk only"
              },
              {
                "header": "Medium and high-risk",
                "label": "Potential spam and fraud. Number may be disguised.",
                "criteria": "medium"
              },
              {
                "header": "All spam calls",
                "label": "Any number that is identified as spam.",
                "criteria": "low"
              }
            ],
            "actionList": [
              {
                "header": "Voicemail",
                "action": "voicemail",
                "label": "Call is blocked and sent directly to voice mail."
              },
              {
                "header": "Terminate",
                "action": "block",
                "label": "Call is blocked and not sent to voice mail."
              }
            ],
            "notifications": {
              "header": "Call Filter notifications",
              "label": "Get notifications of auto-blocked calls using the",
              "linkName": "Call Filter app.",
              "linkUrl": "https://apps.apple.com/us/app/verizon-call-filter/id777875529"
            },
            "nonAppCapableInd": "##NON_APP_CAPABLE_IND##",
            "eligibleMtnInd": "##ELIGIBLE_MTN_IND##"
          }
        },
        "devicesCFReportPageSection": {
          "sectionIndex": "2",
          "sectionId": "devicesCFReportPageSection",
          "sectionType": "deviceCFReportSection",
          "sectionComponentId": null,
          "sectionText": null,
          "dataUrl": null,
          "clickStream": null,
          "sections": [],
          "actions": [
            {
              "actionKey": "reportAction",
              "actionValue": "/confirmation",
              "actionType": "route",
              "clickstream": "report-btn"
            },
            {
              "actionKey": "cancelAction",
              "actionValue": "",
              "actionType": "route",
              "clickstream": "cancel-btn"
            }
          ],
          "contents": [
            {
              "contentIndex": "0",
              "contentType": "callFilterReportPageContent",
              "items": [
                {
                    "itemKey": "title",
                    "itemType": "text",
                    "itemValue": "Report this number?",
                    "itemAttributes": {}
                  },
                  {
                    "itemKey": "description",
                    "itemType": "text",
                    "itemValue": "We use the information you report, including comments and tags, to improve the accuracy of our service.",
                    "itemAttributes": {}
                  },{
                    "itemKey": "commentHeading",
                    "itemType": "text",
                    "itemValue": "Leave a comment (optional)",
                    "itemAttributes": {}
                  },
                  {
                    "itemKey": "comment",
                    "itemType": "text",
                    "itemValue": "Comment",
                    "itemAttributes": {}
                  },
                  {
                    "itemKey": "comment_desc",
                    "itemType": "text",
                    "itemValue": "Why are you reporting this number? Use # to tag keywords like #scam or #phishing.",
                    "itemAttributes": {}
                  },
                  {
                    "itemKey": "bannermsg_failure",
                    "itemType": "text",
                    "itemValue": "Your changes cannot be saved due to system error. Please try again later.",
                    "itemAttributes": {}
                  },
                  {
                    "itemKey": "mdnHeading",
                    "itemType": "text",
                    "itemValue": "Enter a number",
                    "itemAttributes": {}
                  },
                  {
                    "itemKey": "spamHeading",
                    "itemType": "text",
                    "itemValue": "Call type",
                    "itemAttributes": {}
                  }, {
                    "itemKey": "subHeading",
                    "itemType": "text",
                    "itemValue": "We use this information you share to improve spam filter accuracy.",
                    "itemAttributes": {}
                  },
                  
                  {
                    "itemKey": "reportBtn",
                    "itemType": "button",
                    "itemValue": "Report",
                    "actionKey": "reportAction"
                  },
                  {
                    "itemKey": "cancelBtn",
                    "itemType": "button",
                    "itemValue": "Cancel",
                    "actionKey": "cancelAction"
                  },
                  {
                    "itemKey": "backBtn",
                    "itemType": "Link",
                    "itemValue": "Back",
                    "actionKey": "BackAction"
                  }
              ]
            }
          ],
          "data": {}
        },
        "devicesCFReportConfirmationPageSection": {
          "sectionIndex": "3",
          "sectionId": "devicesCFReportConfirmationPageSection",
          "sectionType": "deviceCFReportConfirmationSection",
          "sectionComponentId": null,
          "sectionText": null,
          "dataUrl": null,
          "clickStream": null,
          "sections": [],
          "actions": [
            {
              "actionKey": "backAction",
              "actionValue": "/",
              "actionType": "route",
              "clickstream": "back-btn"
            }
          ],
          "contents": [
            {
              "contentIndex": "0",
              "contentType": "callFilterReportConfirmationPageContent",
              "items": [
                {
                    "itemKey": "title",
                    "itemType": "text",
                    "itemValue": "Thanks for your report.",
                    "itemAttributes": {}
                  },
                  {
                    "itemKey": "description",
                    "itemType": "text",
                    "itemValue": "Your report will help improve Call Filter. Reports are only one factor used to determine if a call is spam. So, your report might not immediately change how this call is identified.",
                    "itemAttributes": {}
                  },
                  {
                    "itemKey": "backBtn",
                    "itemType": "button",
                    "itemValue": "Back to Call Filter",
                    "actionKey": "backAction"
                  }
              ]
            }
          ],
          "data": {}
        }
      },
      "layouts": {
        "devicesBlocksLayout": {
          "devicesBlocksLayoutSection": {
            "pageId": null,
            "sections": [
              {
                "sectionIndex": "0",
                "sectionId": "devicesCallFilterMainSection",
                "sectionType": "devicesCallFilterMainSection",
                "sectionComponentId": "GenericComponent",
                "sections": [
                  {
                    "sectionIndex": "0",
                    "sectionId": "devicesCFLandingPageSection"
                  },
                  {
                    "sectionIndex": "1",
                    "sectionId": "devicesCFSettingsPageSection"
                  },
                  {
                    "sectionIndex": "2",
                    "sectionId": "devicesCFReportPageSection"
                  },
                  {
                    "sectionIndex": "3",
                    "sectionId": "devicesCFReportConfirmationPageSection"
                  }
                ]
              }
            ]
          }
        }
      }
    }
  }
}
