{
  "name": "SOE-CPC",
  "version": "1.0.0",
  "scripts": {
    "clean": "rimraf ./build",
    "start": "npm run dev",
    "dev": "webpack-dev-server --config ./config/webpack.dev.js --port 4003 --hot --inline --open",
    "build-logger": "npx webpack --config ./config/webpack.logger.js",
    "server": "node src/server.js",
    "build-dev": "npm run clean && npx webpack --config ./config/webpack.dev.js",
    "build-qa": "npm run clean && npx webpack --config ./config/webpack.qa.js",
    "build-prod": "npm run clean && npx webpack --config ./config/webpack.prod.js",
    "build": "npm run clean && npx webpack --config ./config/webpack.prod.js",
    "test": "jest --verbose",
    "test:watch": "jest --watchAll --verbose",
    "test:coverage": "jest --verbose --coverage",
    "lint": "eslint src/*",
    "eslint": "eslint js --fix",
    "vz-react-dev-update": "rm -r node_modules/vz-react-dev && npm install",
    "watch": "npm run clean && npx webpack --config ./config/webpack.prod.js --watch --progress --colors",
    "server-qa": "npm run build && npm run server",
    "server-prod": "npm run build-prod && npm run server",
    "dev-perf": "webpack-dev-server --config ./config/webpack.performance.js --port 4003 --hot --inline --open",
    "build-perf": "npm run clean && npx webpack --config ./config/webpack.performance.js"
  },
  "private": true,
  "dependencies": {
    "@emotion/is-prop-valid": "^0.7.3",
    "@vds-core/utilities": "^1.0.3",
    "@vds/accordions": "1.2.5",
    "@vds/breadcrumbs": "^1.0.1",
    "@vds/buttons": "1.1.0",
    "@vds/carousels": "^1.0.1",
    "@vds/grids": "^1.0.3",
    "@vds/icons": "^1.1.0",
    "@vds/inputs": "1.8.0",
    "@vds/lines": "^1.0.1",
    "@vds/lists": "^1.0.1",
    "@vds/loaders": "^1.0.1",
    "@vds/modals": "1.3.3",
    "@vds/notifications": "1.3.5",
    "@vds/pagination": "^1.0.2",
    "@vds/selects": "^1.0.2",
    "@vds/tables": "^1.0.1",
    "@vds/tabs": "^1.0.2",
    "@vds/theme": "^1.0.2",
    "@vds/tooltips": "^1.2.0",
    "@vds/type-lockups": "^1.0.1",
    "@vds/typography": "^1.0.2",
    "@vzrf/react-forms": "^1.5.1",
    "autosuggest-highlight": "^3.1.1",
    "axios": "^0.16.2",
    "babel-polyfill": "^6.23.0",
    "classnames": "^2.2.5",
    "compression": "^1.7.4",
    "connect-history-api-fallback": "^1.6.0",
    "connected-react-router": "^4.4.1",
    "core-js": "^3.1.4",
    "create-react-class": "^15.6.3",
    "css-loader": "^0.28.11",
    "cwd": "^0.10.0",
    "decode-html": "^2.0.0",
    "focus-trap-react": "^3.1.2",
    "immutable": "^3.8.1",
    "invariant": "^2.2.3",
    "loadash": "^1.0.0",
    "material-ui": "^0.20.2",
    "moment": "^2.18.1",
    "no-scroll": "^2.1.0",
    "npx": "^10.0.1",
    "path": "^0.12.7",
    "postcss-css-variables": "^0.8.1",
    "postcss-custom-media": "^6.0.0",
    "postcss-flexbugs-fixes": "^3.3.0",
    "postcss-loader": "^2.1.3",
    "postcss-media-variables": "^2.0.1",
    "prop-types": "^15.6.1",
    "qs": "^6.7.0",
    "query-string": "^4.3.4",
    "raf": "^3.4.0",
    "react": "^16.8.6",
    "react-addons-css-transition-group": "^15.6.2",
    "react-autosuggest": "^9.3.4",
    "react-burger-menu": "^2.7.1",
    "react-cookie": "^2.2.0",
    "react-device-detect": "^1.9.9",
    "react-displace": "^2.3.0",
    "react-dom": "^16.8.6",
    "react-flexbox-grid": "^2.1.2",
    "react-html-parser": "^2.0.2",
    "react-id-swiper": "1.6.1",
    "react-idle-timer": "^4.3.6",
    "react-modal": "^3.9.1",
    "react-redux": "^5.0.3",
    "react-render-html": "^0.6.0",
    "react-responsive-modal": "^3.2.0",
    "react-router": "^4.1.1",
    "react-router-dom": "^4.4.0-beta.6",
    "react-router-redux": "^4.0.8",
    "react-router-scroll": "^0.4.4",
    "react-tooltip": "^3.6.1",
    "react-transition-group": "^2.9.0",
    "recharts": "^1.6.2",
    "redux": "^4.0.0",
    "redux-form": "^8.3.2",
    "redux-logger": "^3.0.6",
    "redux-persist": "^5.10.0",
    "redux-thunk": "^2.3.0",
    "reselect": "^3.0.1",
    "scroll-behavior-polyfill": "^2.0.7",
    "scrollmagic": "^2.0.7",
    "shiitake": "^2.2.4",
    "style-loader": "^0.20.3",
    "styled-components": "^5.1.1",
    "to": "^0.2.9",
    "update": "^0.7.4",
    "url-parse": "^1.4.6",
    "url-search-params-polyfill": "^5.1.0",
    "webpack-dev-server": "^2.11.5",
    "whatwg-fetch": "^3.4.0"
  },
  "devDependencies": {
    "ajv": "^6.12.3",
    "autoprefixer": "^8.2.0",
    "babel-core": "^6.26.0",
    "babel-eslint": "^8.2.2",
    "babel-jest": "^22.4.1",
    "babel-loader": "^7.1.4",
    "babel-plugin-styled-components": "~1.5.1",
    "babel-preset-env": "^1.6.1",
    "babel-preset-react": "^6.24.1",
    "babel-preset-stage-0": "^6.24.1",
    "babel-runtime": "^6.20.0",
    "body-parser": "^1.19.0",
    "case-sensitive-paths-webpack-plugin": "^2.1.2",
    "chalk": "^2.3.2",
    "commander": "^2.20.0",
    "copy-webpack-plugin": "4.5.1",
    "cross-env": "^5.1.4",
    "cross-spawn": "6.0.5",
    "detect-port": "1.2.2",
    "dompurify": "^1.0.11",
    "dotenv": "5.0.1",
    "enzyme": "^3.10.0",
    "enzyme-adapter-react-16": "^1.15.3",
    "enzyme-adapter-utils": "^1.13.1",
    "eslint": "^4.18.2",
    "eslint-config-airbnb": "^16.1.0",
    "eslint-config-react": "^1.1.7",
    "eslint-loader": "^2.2.1",
    "eslint-plugin-flowtype": "^2.46.1",
    "eslint-plugin-import": "^2.18.0",
    "eslint-plugin-jsx-a11y": "^5.1.1",
    "eslint-plugin-react": "^7.20.6",
    "eslint-plugin-redux": "^0.1.0",
    "express": "^4.17.1",
    "extract-text-webpack-plugin": "^3.0.2",
    "file-loader": "^1.1.11",
    "fs-extra": "^5.0.0",
    "html-webpack-plugin": "^3.0.6",
    "http-proxy-middleware": "0.17.3",
    "husky": "^0.13.2",
    "jest": "^21.2.1",
    "json-loader": "0.5.4",
    "json-server": "^0.14.0",
    "lint-staged": "^7.0.0",
    "nodemon": "^1.19.1",
    "object-assign": "4.1.1",
    "optimize-css-assets-webpack-plugin": "^4.0.0",
    "promise": "^7.1.1",
    "react-addons-test-utils": "^15.6.2",
    "react-test-renderer": "^16.8.6",
    "rimraf": "^2.6.1",
    "sass-loader": "^7.1.0",
    "shelljs": "^0.7.7",
    "uglifyjs-webpack-plugin": "~1.2.4",
    "url-loader": "^1.0.1",
    "webpack": "^3.11.0",
    "webpack-cli": "^3.3.10",
    "webpack-dev-middleware": "^2.0.6",
    "webpack-manifest-plugin": "^2.0.0-rc.2",
    "webpack-require-from": "^1.8.0" 
  },
  "lint-staged": {
    "gitDir": "../../..",
    "linters": {
      "*.js": "lint"
    }
  },
  "eslintConfig": {
    "parser": "babel-eslint",
    "extends": "airbnb",
    "env": {
      "browser": true,
      "node": true,
      "es6": true
    },
    "plugins": [
      "react",
      "jsx-a11y"
    ],
    "rules": {
      "no-underscore-dangle": [
        2,
        {
          "allow": [
            "__REDUX_DEVTOOLS_EXTENSION__",
            "window.__REDUX_DEVTOOLS_EXTENSION__()"
          ]
        }
      ]
    }
  },
  "jest": {
    "collectCoverageFrom": [
      "src/**/*.{js,jsx}"
    ],
    "setupFiles": [
      "<rootDir>/config/jest/test-setup.js"
    ],
    "testPathIgnorePatterns": [
      "<rootDir>[/\\\\](build|docs|node_modules|scripts)[/\\\\]"
    ],
    "testURL": "http://localhost",
    "transformIgnorePatterns": [
      "[/\\\\]node_modules[/\\\\].+\\.(js|jsx)$"
    ],
    "moduleNameMapper": {
      "^react-native$": "react-native-web"
    }
  },
  "babel": {
    "presets": [
      "react",
      "env",
      "stage-0"
    ]
  },
  "test": [
    "jest"
  ],
  "homepage": "."
}
