{
  "name": "simple",
  "version": "1.0.0",
  "description": "",
  "main": "index.js",
  "keywords": [],
  "author": "",
  "license": "ISC",
  "scripts": {
    "clean": "rimraf build",
    "new:app": "node ./scripts/createapp.js",
    "new:page": "node ./scripts/newpage.js",
    "get:token": "node scripts/gettoken.js ",
    "local:start": "run-s \"get:token {@} \" all:build  proxy:start --",
    "e2e:start": "node scripts/e2e",
    "proxy:start": "node scripts/proxy.js",
    "all:start": "npm-run-all --parallel start:*",
    "build": "npm run clean -s && npx npm-run-all --parallel build:* -s",
    "start:suspendreconnect": "webpack-dev-server --config=./webpack/dev.js --env.project=suspendreconnect  --port 6001 --open ",
    "build:suspendreconnect": "npx webpack --config=./webpack/prod.js --env.project=suspendreconnect",
    "start:disconnect": "webpack-dev-server --config=./webpack/dev.js --env.project=disconnect --port 6002 --open ",
    "build:disconnect": "npx webpack --config=./webpack/prod.js --env.project=disconnect",
    "start:routermgmt": "webpack-dev-server --config=./webpack/dev.js --env.project=routermgmt --port 6004 --open ",
    "build:routermgmt": "npx webpack --config=./webpack/prod.js --env.project=routermgmt",
    "start:payoffDeviceOverview": "webpack-dev-server --config=./webpack/dev.js --env.project=payoffDeviceOverview  --port 6003 --open",
    "build:payoffDeviceOverview": "webpack --config=./webpack/prod.js --env.project=payoffDeviceOverview",
    "start:payoffDeviceBuyout": "webpack-dev-server --config=./webpack/dev.js --env.project=payoffDeviceBuyout  --port 6004 --open",
    "build:payoffDeviceBuyout": "webpack --config=./webpack/prod.js --env.project=payoffDeviceBuyout"
  },
  "dependencies": {
    "@babel/plugin-proposal-class-properties": "^7.8.3",
    "@babel/runtime": "^7.9.2",
    "@vds/accordions": "^1.0.3",
    "@vds/buttons": "^1.0.2",
    "@vds/carousels": "^1.0.1",
    "@vds/grids": "^1.0.1",
    "@vds/icons": "^1.0.1",
    "@vds/inputs": "^1.4.0",
    "@vds/lines": "^1.0.1",
    "@vds/loaders": "^1.0.1",
    "@vds/modals": "^1.1.3",
    "@vds/notifications": "^1.0.1",
    "@vds/selects": "^1.0.2",
    "@vds/tabs": "^1.0.1",
    "@vds/tooltips": "^1.2.1",
    "@vds/type-lockups": "^1.0.1",
    "@vds/typography": "^1.0.1",
    "@vds/utilities": "^1.0.1",
    "@vzrf/react-forms": "^1.5.1",
    "arg": "^4.1.3",
    "args": "^5.0.1",
    "autoprefixer": "^9.7.6",
    "axios": "^0.19.2",
    "babel-plugin-styled-components": "^1.10.7",
    "babel-plugin-transform-react-class-to-function": "^1.2.2",
    "babel-plugin-transform-react-pure-class-to-function": "^1.0.1",
    "chalk": "^4.0.0",
    "clipboardy": "^2.3.0",
    "core-js": "^3.7.0",
    "eslint-config-airbnb": "^18.1.0",
    "execa": "^4.0.1",
    "express": "^4.17.1",
    "express-http-proxy": "^1.6.0",
    "filehound": "^1.17.4",
    "fs-extra": "^9.0.0",
    "html-react-parser": "^0.10.5",
    "inquirer": "^7.1.0",
    "inquirer-fuzzy-path": "^2.3.0",
    "listr": "^0.14.3",
    "lodash": "^4.17.15",
    "moment": "^2.27.0",
    "pretty-quick": "^2.0.1",
    "prop-types": "^15.7.2",
    "react": "^16.13.1",
    "react-dates": "^21.8.0",
    "react-device-detect": "^1.11.14",
    "react-dom": "^16.13.1",
    "react-hook-form": "^6.0.5",
    "react-hot-loader": "^4.12.21",
    "react-idle-timer": "^4.3.6",
    "react-redux": "^7.2.0",
    "react-router-dom": "^5.1.2",
    "react-transition-group": "^4.4.1",
    "redux": "^4.0.5",
    "replace-in-file": "^6.0.0",
    "rimraf": "^3.0.2",
    "styled-components": "^5.1.0"
  },
  "devDependencies": {
    "@babel/core": "^7.9.0",
    "@babel/plugin-proposal-optional-chaining": "^7.9.0",
    "@babel/plugin-syntax-dynamic-import": "^7.8.3",
    "@babel/plugin-transform-react-constant-elements": "^7.9.0",
    "@babel/plugin-transform-react-inline-elements": "^7.9.0",
    "@babel/plugin-transform-runtime": "^7.9.6",
    "@babel/preset-env": "^7.9.5",
    "@babel/preset-react": "^7.9.4",
    "@hot-loader/react-dom": "^16.13.0+4.12.20",
    "babel-eslint": "^10.1.0",
    "babel-loader": "^8.1.0",
    "babel-plugin-styled-components": "^1.10.7",
    "babel-plugin-transform-react-remove-prop-types": "^0.4.24",
    "body-parser": "^1.19.0",
    "browserslist": "4.12.0",
    "clean-webpack-plugin": "^3.0.0",
    "copy-webpack-plugin": "^5.1.1",
    "css-loader": "^3.5.1",
    "error-overlay-webpack-plugin": "^0.4.1",
    "eslint": "^6.8.0",
    "eslint-config-airbnb": "^18.1.0",
    "eslint-config-prettier": "^6.11.0",
    "eslint-import-resolver-alias": "^1.1.2",
    "eslint-import-resolver-webpack": "^0.12.1",
    "eslint-loader": "^4.0.2",
    "eslint-plugin-import": "^2.20.2",
    "eslint-plugin-jsx-a11y": "^6.2.3",
    "eslint-plugin-prettier": "^3.1.3",
    "eslint-plugin-react": "^7.19.0",
    "extract-text-webpack-plugin": "^4.0.0-beta.0",
    "file-loader": "^6.0.0",
    "html-webpack-plugin": "^4.2.0",
    "mini-css-extract-plugin": "^0.9.0",
    "nodemon": "^2.0.3",
    "npm-run-all": "^4.1.5",
    "optimize-css-assets-webpack-plugin": "^5.0.3",
    "postcss-loader": "^3.0.0",
    "prettier": "2.0.5",
    "pretty-quick": "^2.0.1",
    "script-ext-html-webpack-plugin": "^2.1.4",
    "serve": "^11.3.0",
    "style-loader": "^1.1.3",
    "terser-webpack-plugin": "^2.3.6",
    "uglifyjs-webpack-plugin": "^2.2.0",
    "webpack": "^4.43.0",
    "webpack-cli": "^3.3.11",
    "webpack-dev-server": "^3.10.3",
    "webpack-merge": "^4.2.2",
    "webpack-watch-files-plugin": "^1.0.3"
  }
}
