{
    "data": {
        "customerProfile": {
            "billAccounts": [
                {
                    "mtns": [
                        {
                            "mtnHashCode": "01b1250cc1dd4cbcd1baa142b1ac5a89de1235aaddbf0836d1a6e2c130c5d4ee",
                            "mtn": "2562004712",
                            "deviceNickName": "DAULTON",
                            "networkBandwidthType": "",
                            "deviceHistory": [
                                {
                                    "deviceId": "357838493158119",
                                    "productName": "IPHONE 11 BLACK 128GB VZ",
                                    "mtnEffectiveDate": "03/18/2022",
                                    "imageSet": "https://infomanager.verizon.com/EQUIPMENT_GUIDE/equipment_guide/images/iphone11_black_thumb.jpg"
                                },
                                {
                                    "deviceId": "356545102101957",
                                    "productName": "IPHONE 11 BLACK 128GB VZ",
                                    "mtnEffectiveDate": "03/16/2022",
                                    "esnChangeReasonCode": "FX",
                                    "orderNumber": "510174",
                                    "orderLocation": "Q341901",
                                    "orderSku": "CLNRRL",
                                    "imageSet": "https://infomanager.verizon.com/EQUIPMENT_GUIDE/equipment_guide/images/iphone11_black_thumb.jpg"
                                },
                                {
                                    "deviceId": "359177070566131",
                                    "productName": "iPhone 7 Plus - Non VZW",
                                    "mtnEffectiveDate": "07/19/2017"
                                },
                                {
                                    "deviceId": "355834083785249",
                                    "productName": "iPhone 7 Plus - Non VZW",
                                    "mtnEffectiveDate": "05/29/2017",
                                    "esnChangeReasonCode": "EA"
                                },
                                {
                                    "deviceId": "3543860615391516",
                                    "productName": "iPhone 6 Plus - Non VZW",
                                    "mtnEffectiveDate": "10/01/2016"
                                },
                                {
                                    "deviceId": "3543860615391515",
                                    "productName": "iPhone 6 Plus - Non VZW",
                                    "mtnEffectiveDate": "09/13/2016"
                                },
                                {
                                    "deviceId": "354386061539156",
                                    "productName": "iPhone 6 Plus - Non VZW",
                                    "mtnEffectiveDate": "10/16/2014",
                                    "esnChangeReasonCode": "U2"
                                },
                                {
                                    "deviceId": "A100001C7D081D",
                                    "productName": "iPhone 4 White 16GB",
                                    "mtnEffectiveDate": "12/26/2013",
                                    "esnChangeReasonCode": "CE",
                                    "imageSet": "https://infomanager.verizon.com/EQUIPMENT_GUIDE/equipment_guide/images/iphone4white_thumb.jpg"
                                },
                                {
                                    "deviceId": "A1000025578B28",
                                    "mtnEffectiveDate": "07/28/2013",
                                    "esnChangeReasonCode": "CE"
                                },
                                {
                                    "deviceId": "A1000028689F8A",
                                    "mtnEffectiveDate": "08/30/2012",
                                    "esnChangeReasonCode": "U2"
                                },
                                {
                                    "deviceId": "A0000028646838",
                                    "productName": "LG Cosmos Touch - VN270",
                                    "mtnEffectiveDate": "08/27/2012",
                                    "esnChangeReasonCode": "A2",
                                    "imageSet": "https://infomanager.verizon.com/EQUIPMENT_GUIDE/equipment_guide/images/lg_cosmos_touch_thumb.jpg"
                                },
                                {
                                    "deviceId": "A000000FBB04E3",
                                    "productName": "LG-VX5500",
                                    "mtnEffectiveDate": "12/25/2010",
                                    "esnChangeReasonCode": "U2",
                                    "imageSet": "https://infomanager.verizon.com/EQUIPMENT_GUIDE/equipment_guide/images/thumbnails/VX5500.gif"
                                },
                                {
                                    "deviceId": "A10000009740E2",
                                    "productName": "SCH-u550",
                                    "mtnEffectiveDate": "06/19/2010",
                                    "esnChangeReasonCode": "CE",
                                    "imageSet": "https://infomanager.verizon.com/EQUIPMENT_GUIDE/equipment_guide/images/thumbnails/SCH-u550.gif"
                                }
                            ],
                            "mtnStatus": {
                                "active": false
                            },
                            "primaryUser": {
                                "firstName": "BRIAN",
                                "lastName": "JACOBS"
                            },
                            "primaryAddress": {
                                "addressLine1": "570 COUNTY ROAD 1776 AL",
                                "addressLine2": "",
                                "city": "JOPPA",
                                "state": "AL",
                                "zipCode": "35087",
                                "zipCodePlus4": "2083"
                            },
                            "equipmentInfos": [
                                {
                                    "deviceInfo": {
                                        "deviceId": "357838493158119",
                                        "deviceSku": "CLNRAPL11128",
                                        "deviceUrl": "https://ss7.vzw.com/is/image/VerizonWireless/Apple_iPhone_11_Black_09102019",
                                        "modelName": "APPLE IPHONE 11 BLACK 128GB VZ",
                                        "imei": "357838493158119",
                                        "brandName": "Apple"
                                    }
                                }
                            ],
                            "mtnEmailsInfo": {
                                "emailAddress": "AMJAD.SHAI@ONE.VERIZON.COM"
                            }
                        }
                    ],
                    "paymentInfo": {
                        "cashOnly": false
                    }
                }
            ]
        }
    }
}