{
	"responseInfo": {
		"timeStamp": "11-08-2023 07:48:23",
		"correlationId": "",
		"responseCode": "00",
		"responseMessage": "SUCCESS",
		"sectionErrors": []
	},
	"body": {
		"pageId": "numberShare",
		"pageAttributes": [
			{
				"itemKey": "pageTitle",
				"itemValue": "Number share"
			},
			{
				"itemKey": "hashedAccountNumber",
				"itemValue": "f3c5c52290c3950bf248f23f173bcaf34cfcdb01cebee86350a5e0a9aa407016",
				"itemType": "text"
			},
			{
				"itemKey": "hashedMdn",
				"itemValue": "d5c6b665a7c87ca9b7e5ee4f43e557b70480f516b68167f926e448a1b8e6885b",
				"itemType": "text"
			}
		],
		"sections": [
			{
				"sectionIndex": "0",
				"sectionId": "devicesNumberShareMainSection",
				"sectionType": "devicesNumberShareMainSection",
				"sectionComponentId": "",
				"sections": [
					{
						"sectionIndex": "6",
						"sectionId": "devicesNSConfirmationPageSection",
						"sectionType": "nsConfirmationSection",
						"actions": [							
						],
						"contents": [
							{
								"contentIndex": "0",
								"contentType": "",
								"items": [									
									{
										"itemKey": "header",
										"itemType": "text",
										"itemValue": "You're all set.",
										"itemAttributes": {}
									},
									{
										"itemKey": "subHeader",
										"itemType": "text",
										"itemValue": "Your NumberShare has been updated.",
										"itemAttributes": {}
									},	
									{
										"itemKey": "emailText",
										"itemType": "text",
										"itemValue": "We've also sent a confirmation to shreya.rajampet@verizon.com with all the details",
										"itemAttributes": {}
									},
									{
										"itemKey": "emailText1",
										"itemType": "text",
										"itemValue": "on your new plans.",
										"itemAttributes": {}
									},	
									{
										"itemKey": "emailText2",
										"itemType": "text",
										"itemValue": "of your NumberShare plan.",
										"itemAttributes": {}
									},
									{
										"itemKey": "mdn",
										"itemType": "text",
										"itemValue": "A text confirmation was also sent to 9887566565",
										"itemAttributes": {}
									}
									
								]
							}
						],
						"data": { 
							"header":"Related Topics", 
							"liveTiles":[  
							   {  
								  "tileTemplateType":"withLink",
								  "tileKey":"MVO_LT_SUP_DEVICE_QUESTIONS",
								  "tileCategory":"Device",
								  "bkgType":"background-white",
								  "tileSectionBottom":{  
									 "tileHeader":[  
						 
									 ],
									 "tileText":[  
										"Visit your device hub for info on blocking calls, lost phones, insurance and more."
									 ],
									 "tileLink":"https://www.verizonwireless.com/support/phones-and-devices/",
									 "linkText":""
								  },
								  "tileSectionTop":{  
									 "tileHeader":[  
										"Questions about your device?"
									 ],
									 "tileText":[  
						 
									 ]
								  }
							   },
							   {  
								  "tileTemplateType":"withLink",
								  "tileKey":"MVO_LT_WHATCHANGED_NBS",
								  "tileCategory":"Bill",
								  "bkgType":"background-white",
								  "tileSectionBottom":{  
									 "tileHeader":[  
						 
									 ],
									 "tileText":[  
										"This is your estimate for next bill."
									 ],
									 "tileLink":"https://myvpostpay.verizonwireless.com/ui/bill/ao/nextbillsummary",
									 "linkText":""
								  },
								  "tileSectionTop":{  
									 "tileHeader":[  
										"Take a peek at next month's bill."
									 ],
									 "tileText":[  
						 
									 ]
								  }
							   },
							   {  
								  "tileTemplateType":"withLink",
								  "tileKey":"MVO_LT_ORDERS_LANDING_DEFAULT",
								  "tileCategory":"Deals",
								  "bkgType":"background-white",
								  "tileSectionBottom":{  
									 "tileHeader":[  
						 
									 ],
									 "tileText":[  
										"Save on the phones you really want. Select trade-in and new smartphone line required. &lt;aemtooltip tooltip=&quot;&lt;p&gt;Up to &amp;#36;1599.99 device payment purchase &amp;amp; port-in on new smartphone line of service req'd. Less up to &amp;#36;450 trade-in/promo credit applied to account over 24 mos; promo credit ends if eligibility requirements are no longer met; 0% APR. Trade-in must be in good working &amp;amp; cosmetic condition.&lt;/p&gt;&quot;&gt;&lt;/aemtooltip&gt;"
									 ],
									 "tileLink":"https://www.verizonwireless.com/smartphones/android/",
									 "linkText":""
								  },
								  "tileSectionTop":{  
									 "tileHeader":[  
										"Get up to $450 off our best phones."
									 ],
									 "tileText":[  
						 
									 ]
								  }
							   }
							],
							"errorCode":"00",
							"jn":"10-119-8-202-myvpostpay_supportgw1"
						 }
					}
				]
			}
		]
	}
}