{
	"responseInfo": {
		"timeStamp": "11-08-2023 07:48:23",
		"correlationId": "",
		"responseCode": "00",
		"responseMessage": "SUCCESS",
		"sectionErrors": []
	},
	"body": {
		"pageId": "numberShare",
		"pageAttributes": [
			{
				"itemKey": "pageTitle",
				"itemValue": "Number share"
			},
			{
				"itemKey": "hashedAccountNumber",
				"itemValue": "f3c5c52290c3950bf248f23f173bcaf34cfcdb01cebee86350a5e0a9aa407016",
				"itemType": "text"
			},
			{
				"itemKey": "hashedMdn",
				"itemValue": "d5c6b665a7c87ca9b7e5ee4f43e557b70480f516b68167f926e448a1b8e6885b",
				"itemType": "text"
			}
		],
		"sections": [
			{
				"sectionIndex": "0",
				"sectionId": "devicesNumberShareMainSection",
				"sectionType": "devicesNumberShareMainSection",
				"sectionComponentId": "",
				"sections": [
					{
						"sectionIndex": "2",
						"sectionId": "devicesNSStandalonePageSection",
						"sectionType": "nsStandaloneSection",
						"actions": [
							{
								"actionType": "modal",
								"actionValue": "",
								"actionKey": "nsVsSaAction",
								"clickStream": "number-share-vs-stand-alone-modal"
							},
							{
								"actionType": "route",
								"actionValue": "/",
								"actionKey": "goBackAction",
								"clickStream": "ns-stand-alone-goback-cta"
							},
							{
								"actionType": "route",
								"actionValue": "/confirm",
								"actionKey": "continueAction",
								"clickStream": "ns-stand-alone-continue-cta"
							}
						],
						"contents": [
							{
								"contentIndex": "0",
								"contentType": "",
								"items": [
									{
										"itemKey": "title",
										"itemType": "text",
										"itemValue": "NumberShare to Standalone",
										"itemAttributes": {}
									},
									{
										"itemKey": "header",
										"itemType": "text",
										"itemValue": "Are you sure that you want to separate these devices?",
										"itemAttributes": {}
									},
									{
										"itemKey": "subHeader",
										"itemType": "text",
										"itemValue": "By moving this NumberShare device to its own line, your line access fee will increase to \"##LINE_ACCESS_FEE##\"/mo, and each device will have its own phone number.",
										"itemAttributes": {}
									},
									{
										"itemKey": "llpHeader",
										"itemType": "text",
										"itemValue": "Are you sure you want to give your NumberShare device its own plan?",
										"itemAttributes": {}
									},
									{
										"itemKey": "llpSubHeader",
										"itemType": "text",
										"itemValue": "By picking a new plan for this device, you'll have to purchase a new data plan for a higher monthly cost.",
										"itemAttributes": {}
									},
									{
										"itemKey": "numberSharedText",
										"itemType": "text",
										"itemValue": "NumberShared with",
										"itemAttributes": {}
									},									
									{
										"itemKey": "nsVsSaLink",
										"itemType": "link",
										"itemValue": "What's the difference?",
										"actionKey": "nsVsSaAction",
										"itemAttributes": {}
									},
									{
										"itemKey": "goBackCTA",
										"itemType": "button",
										"itemValue": "Go Back",
										"actionKey": "goBackAction",
										"itemAttributes": {}
									},
									{
										"itemKey": "continueCTA",
										"itemType": "button",
										"itemValue": "Continue",
										"actionKey": "continueAction",
										"itemAttributes": {}
									},
									{
										"itemKey": "choosePlanCTA",
										"itemType": "button",
										"itemValue": "Choose Plan",
										"itemAttributes": {}
									}
								]
							}
						],
						"data": {
							"firstName": "ETHAN",
							"lastName": "CLEMENS",
							"deviceNickName": "AUSTIN WATCH",
							"deviceType": "RIO",
							"id": "Px4IZxEej4iZ8BHEcM1g7w==",
							"formattedMdn": "507.215.2599",
							"parentId": "LdeDZpN296DvavIl6wS/rA==",
							"parentFormattedMdn": "507.920.9969",
							"imageUrl": "https://ss7.vzw.com/is/image/VerizonWireless/apple-watch-se-lte-44mm-midnight-aluminum-midnight-sport-band-ml-mnty3ll-a?",
							"lineAccessFee": "$20",
							"lineLevelPlan": true,
							"billDate": "August 21"
						}
					},
					{
						"sectionIndex": "3",
						"sectionId": "devicesNSStandaloneModalSection",
						"sectionType": "nsStandaloneModalSection",
						"actions": [
							{
								"actionType": "modal",
								"actionValue": "",
								"actionKey": "gotItAction",
								"clickStream": "got-it-close-modal"
							}
						],
						"contents": [
							{
								"contentIndex": "0",
								"contentType": "",
								"items": [
									{
										"itemKey": "header",
										"itemType": "text",
										"itemValue": "What is NumberShare?",
										"itemAttributes": {}
									},
									{
										"itemKey": "description",
										"itemType": "text",
										"itemValue": "NumberShare is a service that lets you use your mobile number on up to 5 connected devices. Send and receive calls and messages on whatever device is at hand, even if you're away from your phone.",
										"itemAttributes": {}
									},
									{
										"itemKey": "saheader",
										"itemType": "text",
										"itemValue": "What does 'Standalone Device' mean?",
										"itemAttributes": {}
									},
									{
										"itemKey": "saDescription",
										"itemType": "text",
										"itemValue": "This means that your connected device will have its own data plan and line on your account. You'll need to pay a monthly plan cost and can choose from an unlimited or metered data plan.",
										"itemAttributes": {}
									},
									{
										"itemKey": "gotItBtn",
										"itemType": "button",
										"itemValue": "Got it",
										"actionKey": "gotItAction",
										"itemAttributes": {}
									}
								]
							}
						],
						"data": {}
					},
					{
						"sectionIndex": "4",
						"sectionId": "devicesNSErrorModalSection",
						"sectionType": "nsErrorModalSection",
						"actions": [
							{
								"actionType": "modal",
								"actionValue": "",
								"actionKey": "goBackAction",
								"clickStream": "goback-close-modal"
							}
						],
						"contents": [
							{
								"contentIndex": "0",
								"contentType": "",
								"items": [
									{
										"itemKey": "header",
										"itemType": "text",
										"itemValue": "Looks like something went wrong.",
										"itemAttributes": {}
									},
									{
										"itemKey": "description",
										"itemType": "text",
										"itemValue": "The device you are trying to upgrade is currenty paired to another line via NumberShare. Give us a call at 800.922.0204 so we can help.",
										"itemAttributes": {}
									},
									{
										"itemKey": "goBackBtn",
										"itemType": "button",
										"itemValue": "Got Back",
										"actionKey": "goBackAction",
										"itemAttributes": {}
									}
								]
							}
						],
						"data": {}
					}
				]
			}
		]
	}
}