{
  "serviceHeader": {
    "clientId": "VZW-ACSS",
    "statusMsg": "SUCCESS",
    "serviceName": "SalesOrderAdjustment",
    "statusCode": "00",
    "sessionId": "",
    "correlationId": "69a66ef4d7e344dfb2db299209ea8333"
  },
  "serviceBody": {
    "serviceResponse": {
      "context": {
        "caseId": "SOA-2055675462-E01",
        "contextInfo": {
          "callReason": "SalesOrderAdjustment",
          "processStep": "ReturnReason",
          "processAction": "",
          "availablePaths": [{ "path": "ReturnReason" }, { "path": "ReturnReason" }]
        },
        "customerInfo": {
          "accountNumber": "0526864110-00001",
          "cartCreator": "9452693556",
          "processingMTN": "",
          "registerNumber": 0
        },
        "cartInfo": {
          "cartId": "d4b5bbc6-242c-4fda-96a0-90253380a878",
          "statusMsg": "Success",
          "statusCode": "1",
          "lines": [
            {
              "mtn": "9452693556",
              "appleEligibleInd": "Y",
              "clnrEligibility": "Y",
              "deviceReturnType": "ANY",
              "clnrInEligibilityList": [],
              "oem": "APPLE"
            }
          ]
        }
      }
    }
  }
}
