{
  "serviceHeader": {
    "clientId": "VZW-ACSS",
    "statusMsg": "SUCCESS",
    "serviceName": "SalesOrderAdjustment",
    "statusCode": "00",
    "sessionId": "",
    "correlationId": "69a66ef4d7e344dfb2db299209ea8333"
  },
  "serviceBody": {
    "serviceResponse": {
      "context": {
        "caseId": "SOA-2055963038-E01",
        "contextInfo": {
          "callReason": "SalesOrderAdjustment",
          "processStep": "DeviceHistoryPage",
          "processAction": "",
          "availablePaths": [
            { "path": "MissingProfileInfo" },
            { "path": "MissingProfileInfo" }
          ]
        },
        "customerInfo": {
          "accountNumber": "0461706682-00001",
          "cartCreator": "9492332454",
          "processingMTN": "9492332454",
          "registerNumber": 0
        },
        "cartInfo": {
          "cartId": "b193613d-bfa5-4ac3-92d5-a923b8ec6ea3",
          "statusMsg": "Success",
          "locationCode": "M722801",
          "homeLocationCode": "",
          "systemId": "VZW-ACSS",
          "statusCode": "1"
        }
      }
    }
  }
}
