{
    "responseInfo": {
        "timeStamp": "14-02-2025 04:02:10",
        "correlationId": "",
        "responseCode": "00",
        "responseMessage": "SUCCESS",
        "sectionErrors": []
    },
    "body": {
        "data": {
            "cq": {
                "numberShareGraftLineAccessFee": "$10"
            },
            "deviceDetails": [
                {
                    "primaryInfo": {
                        "firstName": "ETHAN",
                        "lastName": "JETER",
                        "deviceNickName": "ETHAN JETER",
                        "mdn": "3154308136",
                        "id": "Q0Sbi23vMBnD5MgHu9Zp9Q==",
                        "img": "https://ss7.vzw.com/is/image/VerizonWireless/apple-iphone-15-pro-1tb-natural-titanium-mtu53ll-a-a?",
                        "canShareWith": "true",
                        "msgPlusCount": "0",
                        "humCount": "0",
                        "allowedSkuImeId": [
                            "MNU03LL/A"
                        ],
                        "mtnStatusCode": "A",
                        "smartLocatorDevice": false,
                        "appleDevice": true,
                        "deviceImageName": "Apple iPhone 15 Pro 256GB in Natural Titanium"
                    },
                    "connectedDevices": []
                },
                {
                    "primaryInfo": {
                        "firstName": "ETHAN",
                        "lastName": "JETER",
                        "deviceNickName": "ETHAN JETER",
                        "mdn": "3157278197",
                        "id": "JrKS8vltIy2KLE7KAy9IvQ==",
                        "img": "https://ss7.vzw.com/is/image/VerizonWireless/iphone-14-starlight-fall22-a?",
                        "canShareWith": "true",
                        "msgPlusCount": "0",
                        "humCount": "0",
                        "allowedSkuImeId": [
                            "MNU03LL/A"
                        ],
                        "mtnStatusCode": "A",
                        "smartLocatorDevice": false,
                        "appleDevice": true,
                        "deviceImageName": "Apple iPhone 14 256GB in Starlight"
                    },
                    "connectedDevices": [
                        {
                            "firstName": "ETHAN",
                            "lastName": "JETER",
                            "deviceNickName": "ETHAN JETER",
                            "mdn": "3153997837",
                            "deviceType": "RIO",
                            "img": "https://ss7.vzw.com/is/image/VerizonWireless/apple-watch-se-lte-44mm-midnight-aluminum-midnight-sport-band-ml-mnty3ll-a?",
                            "id": "DJztmINYeJyFu7HASsWi4w==",
                            "mtnStatusCode": "A",
                            "numberShareCapable": "O",
                            "acceptedOS": "I",
                            "skuImeId": "MNU03LL/A",
                            "smartLocatorDevice": false,
                            "lineLevelPlan": false,
                            "deviceImageName": "Apple Watch SE (2nd Generation) 44mm Midnight Aluminum Case with Midnight Sport Band - ML",
                            "spcdevice": false
                        }
                    ]
                },
                {
                    "primaryInfo": {
                        "firstName": "ETHAN",
                        "lastName": "JETER",
                        "deviceNickName": "ETHAN JETER",
                        "mdn": "3152631692",
                        "id": "OY8s5a6+mv0IjabtWMmRdA==",
                        "img": "https://ss7.vzw.com/is/image/VerizonWireless/apple-iphone-15-pro-1tb-natural-titanium-mtu53ll-a-a?",
                        "canShareWith": "true",
                        "msgPlusCount": "0",
                        "humCount": "0",
                        "allowedSkuImeId": [
                            "MNU03LL/A"
                        ],
                        "mtnStatusCode": "A",
                        "smartLocatorDevice": false,
                        "appleDevice": true,
                        "deviceImageName": "Apple iPhone 15 Pro 256GB in Natural Titanium"
                    },
                    "connectedDevices": []
                },
                {
                    "primaryInfo": {
                        "firstName": "ETHAN",
                        "lastName": "JETER",
                        "deviceNickName": "ETHAN JETER",
                        "mdn": "3154306732",
                        "id": "DfjckkCjBEStQ0oOd1Lw2g==",
                        "img": "https://ss7.vzw.com/is/image/VerizonWireless/apple-iphone-16-pro-natural-titanium?",
                        "canShareWith": "true",
                        "msgPlusCount": "0",
                        "humCount": "0",
                        "allowedSkuImeId": [
                            "MNU03LL/A"
                        ],
                        "mtnStatusCode": "A",
                        "smartLocatorDevice": false,
                        "appleDevice": true,
                        "deviceImageName": "Apple iPhone 16 Pro 1TB in Natural Titanium"
                    },
                    "connectedDevices": []
                },
                {
                    "primaryInfo": {
                        "firstName": "ETHAN",
                        "lastName": "JETER",
                        "deviceNickName": "ETHAN JETER",
                        "mdn": "3153141744",
                        "id": "8oLYRmyPLuLL5qyZseKh/Q==",
                        "img": "https://ss7.vzw.com/is/image/VerizonWireless/apple-ipad-9-7-g6-spgry?",
                        "canShareWith": "false",
                        "msgPlusCount": "0",
                        "humCount": "0",
                        "allowedSkuImeId": [],
                        "mtnStatusCode": "A",
                        "smartLocatorDevice": false,
                        "appleDevice": true,
                        "deviceImageName": "Apple iPad 9.7 inch 128GB in Space Gray"
                    },
                    "connectedDevices": []
                }
            ],
            "connectableDevices": [],
            "cacheable": true
        },
        "valid": true
    }
}