{
    "responseInfo": {
        "timeStamp": "04-11-2024 01:10:52",
        "correlationId": "2c10c7d2-36c7-4ec8-9978-09262b1b2408-76983",
        "responseCode": "00",
        "responseMessage": "SUCCESS",
        "sectionErrors": []
    },
    "body": {
        "serviceHeader": {
            "clientId": "VZW-DOTCOM",
            "statusMsg": "SUCCESS",
            "serviceName": "SalesOrderAdjustment",
            "statusCode": "00",
            "sessionId": "",
            "correlationId": "69a66ef4d7e344dfb2db299209ea8333"
        },
        "serviceBody": {
            "serviceResponse": {
                "context": {
                    "caseId": "SOA-13007611-C01",
                    "contextInfo": {
                        "callReason": "SalesOrderAdjustment",
                        "processStep": "ConfirmationPage",
                        "availablePaths": []
                    },
                    "customerInfo": {
                        "accountNumber": "0219710986-00001",
                        "cartCreator": "2298867785",
                        "processingMTN": "",
                        "registerNumber": 0
                    },
                    "cartInfo": {
                        "cartId": "29a9f5d2-2c19-463d-b48b-714969c1690c"
                    },
                    "processMTNList": [
                        {
                            "mtn": "",
                            "completedprocessSteps": []
                        }
                    ],
                    "orderWrite": {
                        "twoYear": "false",
                        "salesRep": "NPB2C",
                        "customerAgreement": "false",
                        "mobileNumber": "",
                        "mgrApprovalReq": "false",
                        "btaEligibleAmount": "",
                        "orderNum": "",
                        "billingSys": "VE",
                        "edgeOrder": "false",
                        "orderDetails": [
                            {
                                "locationCode": "0862001",
                                "orderType": "IS",
                                "depletionType": "L",
                                "orderNum": "12034324",
                                "orderTotal": "0.00",
                                "orderBalanceAmount": "0",
                                "digitalOrderId": "990238668689910",
                                "preOrderNumber": "",
                                "isFullAuthSuccess": false,
                                "creditApplicationNum": "707113325"
                            }
                        ],
                        "fullAccountNumber": "0219710986-1",
                        "btaEligible": "false",
                        "renderType": "html",
                        "creditApp": "",
                        "locationCode": "",
                        "loanNumber": "",
                        "status": "",
                        "fivegOrder": "false",
                        "bookSdrAppointmentErrorMessage": ""
                    }
                }
            }
        }
    }
}