{
  "responseInfo": {
    "timeStamp": "28-03-2024 03:24:56",
    "correlationId": "",
    "responseCode": "00",
    "responseMessage": "SUCCESS",
    "sectionErrors": []
  },
  "data": {
    "appointmentList": {
      "distanceKm": false,
      "store": [
        {
          "vendorName": "UBREAK",
          "businessName": "Asurion Tech Repair & Solutions",
          "storeId": "463",
          "storeName": "Surprise",
          "distance": "3.7",
          "timeZone": "America/Phoenix",
          "city": "Surprise",
          "state": "AZ",
          "phone": "6232257347",
          "email": "6232257347",
          "appointmentWindow": [
            {
              "appointmentDate": "08/23/2024",
              "appointmentDay": "FRI",
              "appointmentTime": [
                { "startTime": "10:00AM", "endTime": "10:30AM" },
                { "startTime": "10:30AM", "endTime": "11:00AM" },
                { "startTime": "11:00AM", "endTime": "11:30AM" },
                { "startTime": "11:30AM", "endTime": "12:00PM" },
                { "startTime": "12:00PM", "endTime": "12:30PM" },
                { "startTime": "12:30PM", "endTime": "01:00PM" },
                { "startTime": "01:00PM", "endTime": "01:30PM" },
                { "startTime": "01:30PM", "endTime": "02:00PM" },
                { "startTime": "02:00PM", "endTime": "02:30PM" },
                { "startTime": "02:30PM", "endTime": "03:00PM" },
                { "startTime": "03:00PM", "endTime": "03:30PM" },
                { "startTime": "03:30PM", "endTime": "04:00PM" },
                { "startTime": "04:00PM", "endTime": "04:30PM" },
                { "startTime": "04:30PM", "endTime": "05:00PM" },
                { "startTime": "05:00PM", "endTime": "05:30PM" },
                { "startTime": "05:30PM", "endTime": "06:00PM" },
                { "startTime": "06:00PM", "endTime": "06:30PM" },
                { "startTime": "06:30PM", "endTime": "07:00PM" }
              ]
            },
            {
              "appointmentDate": "08/24/2024",
              "appointmentDay": "SAT",
              "appointmentTime": [
                { "startTime": "10:00AM", "endTime": "10:30AM" },
                { "startTime": "10:30AM", "endTime": "11:00AM" },
                { "startTime": "11:00AM", "endTime": "11:30AM" },
                { "startTime": "11:30AM", "endTime": "12:00PM" },
                { "startTime": "12:00PM", "endTime": "12:30PM" },
                { "startTime": "12:30PM", "endTime": "01:00PM" },
                { "startTime": "01:00PM", "endTime": "01:30PM" },
                { "startTime": "01:30PM", "endTime": "02:00PM" },
                { "startTime": "02:00PM", "endTime": "02:30PM" },
                { "startTime": "02:30PM", "endTime": "03:00PM" },
                { "startTime": "03:00PM", "endTime": "03:30PM" },
                { "startTime": "03:30PM", "endTime": "04:00PM" },
                { "startTime": "04:00PM", "endTime": "04:30PM" },
                { "startTime": "04:30PM", "endTime": "05:00PM" },
                { "startTime": "05:00PM", "endTime": "05:30PM" },
                { "startTime": "05:30PM", "endTime": "06:00PM" },
                { "startTime": "06:00PM", "endTime": "06:30PM" },
                { "startTime": "06:30PM", "endTime": "07:00PM" }
              ]
            },
            {
              "appointmentDate": "08/25/2024",
              "appointmentDay": "SUN",
              "appointmentTime": [
                { "startTime": "11:00AM", "endTime": "11:30AM" },
                { "startTime": "11:30AM", "endTime": "12:00PM" },
                { "startTime": "12:00PM", "endTime": "12:30PM" },
                { "startTime": "12:30PM", "endTime": "01:00PM" },
                { "startTime": "01:00PM", "endTime": "01:30PM" },
                { "startTime": "01:30PM", "endTime": "02:00PM" },
                { "startTime": "02:00PM", "endTime": "02:30PM" },
                { "startTime": "02:30PM", "endTime": "03:00PM" },
                { "startTime": "03:00PM", "endTime": "03:30PM" },
                { "startTime": "03:30PM", "endTime": "04:00PM" },
                { "startTime": "04:00PM", "endTime": "04:30PM" },
                { "startTime": "04:30PM", "endTime": "05:00PM" }
              ]
            },
            {
              "appointmentDate": "08/26/2024",
              "appointmentDay": "MON",
              "appointmentTime": [
                { "startTime": "10:00AM", "endTime": "10:30AM" },
                { "startTime": "10:30AM", "endTime": "11:00AM" },
                { "startTime": "11:00AM", "endTime": "11:30AM" },
                { "startTime": "11:30AM", "endTime": "12:00PM" },
                { "startTime": "12:00PM", "endTime": "12:30PM" },
                { "startTime": "12:30PM", "endTime": "01:00PM" },
                { "startTime": "01:00PM", "endTime": "01:30PM" },
                { "startTime": "01:30PM", "endTime": "02:00PM" },
                { "startTime": "02:00PM", "endTime": "02:30PM" },
                { "startTime": "02:30PM", "endTime": "03:00PM" },
                { "startTime": "03:00PM", "endTime": "03:30PM" },
                { "startTime": "03:30PM", "endTime": "04:00PM" },
                { "startTime": "04:00PM", "endTime": "04:30PM" },
                { "startTime": "04:30PM", "endTime": "05:00PM" },
                { "startTime": "05:00PM", "endTime": "05:30PM" },
                { "startTime": "05:30PM", "endTime": "06:00PM" },
                { "startTime": "06:00PM", "endTime": "06:30PM" },
                { "startTime": "06:30PM", "endTime": "07:00PM" }
              ]
            },
            {
              "appointmentDate": "08/27/2024",
              "appointmentDay": "TUE",
              "appointmentTime": [
                { "startTime": "10:00AM", "endTime": "10:30AM" },
                { "startTime": "10:30AM", "endTime": "11:00AM" },
                { "startTime": "11:00AM", "endTime": "11:30AM" },
                { "startTime": "11:30AM", "endTime": "12:00PM" },
                { "startTime": "12:00PM", "endTime": "12:30PM" },
                { "startTime": "12:30PM", "endTime": "01:00PM" },
                { "startTime": "01:00PM", "endTime": "01:30PM" },
                { "startTime": "01:30PM", "endTime": "02:00PM" },
                { "startTime": "02:00PM", "endTime": "02:30PM" },
                { "startTime": "02:30PM", "endTime": "03:00PM" },
                { "startTime": "03:00PM", "endTime": "03:30PM" },
                { "startTime": "03:30PM", "endTime": "04:00PM" },
                { "startTime": "04:00PM", "endTime": "04:30PM" },
                { "startTime": "04:30PM", "endTime": "05:00PM" },
                { "startTime": "05:00PM", "endTime": "05:30PM" },
                { "startTime": "05:30PM", "endTime": "06:00PM" },
                { "startTime": "06:00PM", "endTime": "06:30PM" },
                { "startTime": "06:30PM", "endTime": "07:00PM" }
              ]
            },
            {
              "appointmentDate": "08/28/2024",
              "appointmentDay": "WED",
              "appointmentTime": [
                { "startTime": "10:00AM", "endTime": "10:30AM" },
                { "startTime": "10:30AM", "endTime": "11:00AM" },
                { "startTime": "11:00AM", "endTime": "11:30AM" },
                { "startTime": "11:30AM", "endTime": "12:00PM" },
                { "startTime": "12:00PM", "endTime": "12:30PM" },
                { "startTime": "12:30PM", "endTime": "01:00PM" },
                { "startTime": "01:00PM", "endTime": "01:30PM" },
                { "startTime": "01:30PM", "endTime": "02:00PM" },
                { "startTime": "02:00PM", "endTime": "02:30PM" },
                { "startTime": "02:30PM", "endTime": "03:00PM" },
                { "startTime": "03:00PM", "endTime": "03:30PM" },
                { "startTime": "03:30PM", "endTime": "04:00PM" },
                { "startTime": "04:00PM", "endTime": "04:30PM" },
                { "startTime": "04:30PM", "endTime": "05:00PM" },
                { "startTime": "05:00PM", "endTime": "05:30PM" },
                { "startTime": "05:30PM", "endTime": "06:00PM" },
                { "startTime": "06:00PM", "endTime": "06:30PM" },
                { "startTime": "06:30PM", "endTime": "07:00PM" }
              ]
            },
            {
              "appointmentDate": "08/29/2024",
              "appointmentDay": "THU",
              "appointmentTime": [
                { "startTime": "10:00AM", "endTime": "10:30AM" },
                { "startTime": "10:30AM", "endTime": "11:00AM" },
                { "startTime": "11:00AM", "endTime": "11:30AM" },
                { "startTime": "11:30AM", "endTime": "12:00PM" },
                { "startTime": "12:00PM", "endTime": "12:30PM" },
                { "startTime": "12:30PM", "endTime": "01:00PM" },
                { "startTime": "01:00PM", "endTime": "01:30PM" },
                { "startTime": "01:30PM", "endTime": "02:00PM" },
                { "startTime": "02:00PM", "endTime": "02:30PM" },
                { "startTime": "02:30PM", "endTime": "03:00PM" },
                { "startTime": "03:00PM", "endTime": "03:30PM" },
                { "startTime": "03:30PM", "endTime": "04:00PM" },
                { "startTime": "04:00PM", "endTime": "04:30PM" },
                { "startTime": "04:30PM", "endTime": "05:00PM" },
                { "startTime": "05:00PM", "endTime": "05:30PM" },
                { "startTime": "05:30PM", "endTime": "06:00PM" },
                { "startTime": "06:00PM", "endTime": "06:30PM" },
                { "startTime": "06:30PM", "endTime": "07:00PM" }
              ]
            }
          ],
          "drivingDistance": "5.291",
          "earliestAppDate": "2024-02-22",
          "address2": "111",
          "address1": "14155 W. Bell Rd.",
          "postalCode": "85374",
          "countryCode": "US"
        },
        {
          "vendorName": "UBREAK",
          "businessName": "Asurion Tech Repair & Solutions",
          "storeId": "580",
          "storeName": "South Peoria",
          "distance": "4.8",
          "timeZone": "America/Phoenix",
          "city": "Glendale",
          "state": "AZ",
          "phone": "6238770145",
          "email": "6238770145",
          "appointmentWindow": [
            {
              "appointmentDate": "08/23/2024",
              "appointmentDay": "SUN",
              "appointmentTime": [
                { "startTime": "11:00AM", "endTime": "11:30AM" },
                { "startTime": "11:30AM", "endTime": "12:00PM" },
                { "startTime": "12:00PM", "endTime": "12:30PM" },
                { "startTime": "12:30PM", "endTime": "01:00PM" },
                { "startTime": "01:00PM", "endTime": "01:30PM" },
                { "startTime": "01:30PM", "endTime": "02:00PM" },
                { "startTime": "02:00PM", "endTime": "02:30PM" },
                { "startTime": "02:30PM", "endTime": "03:00PM" },
                { "startTime": "03:00PM", "endTime": "03:30PM" },
                { "startTime": "03:30PM", "endTime": "04:00PM" },
                { "startTime": "04:00PM", "endTime": "04:30PM" },
                { "startTime": "04:30PM", "endTime": "05:00PM" },
                { "startTime": "05:00PM", "endTime": "05:30PM" },
                { "startTime": "05:30PM", "endTime": "06:00PM" },
                { "startTime": "06:00PM", "endTime": "06:30PM" },
                { "startTime": "06:30PM", "endTime": "07:00PM" }
              ]
            },
            {
              "appointmentDate": "08/24/2024",
              "appointmentDay": "SAT",
              "appointmentTime": [
                { "startTime": "10:00AM", "endTime": "10:30AM" },
                { "startTime": "10:30AM", "endTime": "11:00AM" },
                { "startTime": "11:00AM", "endTime": "11:30AM" },
                { "startTime": "11:30AM", "endTime": "12:00PM" },
                { "startTime": "12:00PM", "endTime": "12:30PM" },
                { "startTime": "12:30PM", "endTime": "01:00PM" },
                { "startTime": "01:00PM", "endTime": "01:30PM" },
                { "startTime": "01:30PM", "endTime": "02:00PM" },
                { "startTime": "02:00PM", "endTime": "02:30PM" },
                { "startTime": "02:30PM", "endTime": "03:00PM" },
                { "startTime": "03:00PM", "endTime": "03:30PM" },
                { "startTime": "03:30PM", "endTime": "04:00PM" },
                { "startTime": "04:00PM", "endTime": "04:30PM" },
                { "startTime": "04:30PM", "endTime": "05:00PM" },
                { "startTime": "05:00PM", "endTime": "05:30PM" },
                { "startTime": "05:30PM", "endTime": "06:00PM" },
                { "startTime": "06:00PM", "endTime": "06:30PM" },
                { "startTime": "06:30PM", "endTime": "07:00PM" }
              ]
            },
            {
              "appointmentDate": "08/25/2024",
              "appointmentDay": "SUN",
              "appointmentTime": [
                { "startTime": "12:00PM", "endTime": "12:30PM" },
                { "startTime": "12:30PM", "endTime": "01:00PM" },
                { "startTime": "01:00PM", "endTime": "01:30PM" },
                { "startTime": "01:30PM", "endTime": "02:00PM" },
                { "startTime": "02:00PM", "endTime": "02:30PM" },
                { "startTime": "02:30PM", "endTime": "03:00PM" },
                { "startTime": "03:00PM", "endTime": "03:30PM" },
                { "startTime": "03:30PM", "endTime": "04:00PM" },
                { "startTime": "04:00PM", "endTime": "04:30PM" },
                { "startTime": "04:30PM", "endTime": "05:00PM" }
              ]
            },
            {
              "appointmentDate": "08/26/2024",
              "appointmentDay": "MON",
              "appointmentTime": [
                { "startTime": "10:00AM", "endTime": "10:30AM" },
                { "startTime": "10:30AM", "endTime": "11:00AM" },
                { "startTime": "11:00AM", "endTime": "11:30AM" },
                { "startTime": "11:30AM", "endTime": "12:00PM" },
                { "startTime": "12:00PM", "endTime": "12:30PM" },
                { "startTime": "12:30PM", "endTime": "01:00PM" },
                { "startTime": "01:00PM", "endTime": "01:30PM" },
                { "startTime": "01:30PM", "endTime": "02:00PM" },
                { "startTime": "02:00PM", "endTime": "02:30PM" },
                { "startTime": "02:30PM", "endTime": "03:00PM" },
                { "startTime": "03:00PM", "endTime": "03:30PM" },
                { "startTime": "03:30PM", "endTime": "04:00PM" },
                { "startTime": "04:00PM", "endTime": "04:30PM" },
                { "startTime": "04:30PM", "endTime": "05:00PM" },
                { "startTime": "05:00PM", "endTime": "05:30PM" },
                { "startTime": "05:30PM", "endTime": "06:00PM" },
                { "startTime": "06:00PM", "endTime": "06:30PM" },
                { "startTime": "06:30PM", "endTime": "07:00PM" }
              ]
            },
            {
              "appointmentDate": "08/27/2024",
              "appointmentDay": "TUE",
              "appointmentTime": [
                { "startTime": "10:00AM", "endTime": "10:30AM" },
                { "startTime": "10:30AM", "endTime": "11:00AM" },
                { "startTime": "11:00AM", "endTime": "11:30AM" },
                { "startTime": "11:30AM", "endTime": "12:00PM" },
                { "startTime": "12:00PM", "endTime": "12:30PM" },
                { "startTime": "12:30PM", "endTime": "01:00PM" },
                { "startTime": "01:00PM", "endTime": "01:30PM" },
                { "startTime": "01:30PM", "endTime": "02:00PM" },
                { "startTime": "02:00PM", "endTime": "02:30PM" },
                { "startTime": "02:30PM", "endTime": "03:00PM" },
                { "startTime": "03:00PM", "endTime": "03:30PM" },
                { "startTime": "03:30PM", "endTime": "04:00PM" },
                { "startTime": "04:00PM", "endTime": "04:30PM" },
                { "startTime": "04:30PM", "endTime": "05:00PM" },
                { "startTime": "05:00PM", "endTime": "05:30PM" },
                { "startTime": "05:30PM", "endTime": "06:00PM" },
                { "startTime": "06:00PM", "endTime": "06:30PM" },
                { "startTime": "06:30PM", "endTime": "07:00PM" }
              ]
            },
            {
              "appointmentDate": "08/28/2024",
              "appointmentDay": "WED",
              "appointmentTime": [
                { "startTime": "10:00AM", "endTime": "10:30AM" },
                { "startTime": "10:30AM", "endTime": "11:00AM" },
                { "startTime": "11:00AM", "endTime": "11:30AM" },
                { "startTime": "11:30AM", "endTime": "12:00PM" },
                { "startTime": "12:00PM", "endTime": "12:30PM" },
                { "startTime": "12:30PM", "endTime": "01:00PM" },
                { "startTime": "01:00PM", "endTime": "01:30PM" },
                { "startTime": "01:30PM", "endTime": "02:00PM" },
                { "startTime": "02:00PM", "endTime": "02:30PM" },
                { "startTime": "02:30PM", "endTime": "03:00PM" },
                { "startTime": "03:00PM", "endTime": "03:30PM" },
                { "startTime": "03:30PM", "endTime": "04:00PM" },
                { "startTime": "04:00PM", "endTime": "04:30PM" },
                { "startTime": "04:30PM", "endTime": "05:00PM" },
                { "startTime": "05:00PM", "endTime": "05:30PM" },
                { "startTime": "05:30PM", "endTime": "06:00PM" },
                { "startTime": "06:00PM", "endTime": "06:30PM" },
                { "startTime": "06:30PM", "endTime": "07:00PM" }
              ]
            },
            {
              "appointmentDate": "08/29/2024",
              "appointmentDay": "THU",
              "appointmentTime": [
                { "startTime": "10:00AM", "endTime": "10:30AM" },
                { "startTime": "10:30AM", "endTime": "11:00AM" },
                { "startTime": "11:00AM", "endTime": "11:30AM" },
                { "startTime": "11:30AM", "endTime": "12:00PM" },
                { "startTime": "12:00PM", "endTime": "12:30PM" },
                { "startTime": "12:30PM", "endTime": "01:00PM" },
                { "startTime": "01:00PM", "endTime": "01:30PM" },
                { "startTime": "01:30PM", "endTime": "02:00PM" },
                { "startTime": "02:00PM", "endTime": "02:30PM" },
                { "startTime": "02:30PM", "endTime": "03:00PM" },
                { "startTime": "03:00PM", "endTime": "03:30PM" },
                { "startTime": "03:30PM", "endTime": "04:00PM" },
                { "startTime": "04:00PM", "endTime": "04:30PM" },
                { "startTime": "04:30PM", "endTime": "05:00PM" },
                { "startTime": "05:00PM", "endTime": "05:30PM" },
                { "startTime": "05:30PM", "endTime": "06:00PM" },
                { "startTime": "06:00PM", "endTime": "06:30PM" },
                { "startTime": "06:30PM", "endTime": "07:00PM" }
              ]
            }
          ],
          "drivingDistance": "7.421",
          "earliestAppDate": "2024-03-01",
          "address2": "Suite 115",
          "address1": "9340 W Northern Ave",
          "postalCode": "85305",
          "countryCode": "US"
        },
        {
          "vendorName": "UBREAK",
          "businessName": "Asurion Tech Repair & Solutions",
          "storeId": "98",
          "storeName": "Peoria",
          "distance": "6.5",
          "timeZone": "America/Phoenix",
          "city": "Peoria",
          "state": "AZ",
          "phone": "6233344349",
          "email": "6233344349",
          "appointmentWindow": [
            {
              "appointmentDate": "08/23/2024",
              "appointmentDay": "FRI",
              "appointmentTime": [
                { "startTime": "10:00AM", "endTime": "10:30AM" },
                { "startTime": "10:30AM", "endTime": "11:00AM" },
                { "startTime": "11:00AM", "endTime": "11:30AM" },
                { "startTime": "11:30AM", "endTime": "12:00PM" },
                { "startTime": "12:00PM", "endTime": "12:30PM" },
                { "startTime": "12:30PM", "endTime": "01:00PM" },
                { "startTime": "01:00PM", "endTime": "01:30PM" },
                { "startTime": "01:30PM", "endTime": "02:00PM" },
                { "startTime": "02:00PM", "endTime": "02:30PM" },
                { "startTime": "02:30PM", "endTime": "03:00PM" },
                { "startTime": "03:00PM", "endTime": "03:30PM" },
                { "startTime": "03:30PM", "endTime": "04:00PM" },
                { "startTime": "04:00PM", "endTime": "04:30PM" },
                { "startTime": "04:30PM", "endTime": "05:00PM" },
                { "startTime": "05:00PM", "endTime": "05:30PM" },
                { "startTime": "05:30PM", "endTime": "06:00PM" },
                { "startTime": "06:00PM", "endTime": "06:30PM" },
                { "startTime": "06:30PM", "endTime": "07:00PM" }
              ]
            },
            {
              "appointmentDate": "08/24/2024",
              "appointmentDay": "SAT",
              "appointmentTime": [
                { "startTime": "10:00AM", "endTime": "10:30AM" },
                { "startTime": "10:30AM", "endTime": "11:00AM" },
                { "startTime": "11:00AM", "endTime": "11:30AM" },
                { "startTime": "11:30AM", "endTime": "12:00PM" },
                { "startTime": "12:00PM", "endTime": "12:30PM" },
                { "startTime": "12:30PM", "endTime": "01:00PM" },
                { "startTime": "01:00PM", "endTime": "01:30PM" },
                { "startTime": "01:30PM", "endTime": "02:00PM" },
                { "startTime": "02:00PM", "endTime": "02:30PM" },
                { "startTime": "02:30PM", "endTime": "03:00PM" },
                { "startTime": "03:00PM", "endTime": "03:30PM" },
                { "startTime": "03:30PM", "endTime": "04:00PM" },
                { "startTime": "04:00PM", "endTime": "04:30PM" },
                { "startTime": "04:30PM", "endTime": "05:00PM" },
                { "startTime": "05:00PM", "endTime": "05:30PM" },
                { "startTime": "05:30PM", "endTime": "06:00PM" },
                { "startTime": "06:00PM", "endTime": "06:30PM" },
                { "startTime": "06:30PM", "endTime": "07:00PM" }
              ]
            },
            {
              "appointmentDate": "08/25/2024",
              "appointmentDay": "SUN",
              "appointmentTime": [
                { "startTime": "12:00PM", "endTime": "12:30PM" },
                { "startTime": "12:30PM", "endTime": "01:00PM" },
                { "startTime": "01:00PM", "endTime": "01:30PM" },
                { "startTime": "01:30PM", "endTime": "02:00PM" },
                { "startTime": "02:00PM", "endTime": "02:30PM" },
                { "startTime": "02:30PM", "endTime": "03:00PM" },
                { "startTime": "03:00PM", "endTime": "03:30PM" },
                { "startTime": "03:30PM", "endTime": "04:00PM" },
                { "startTime": "04:00PM", "endTime": "04:30PM" },
                { "startTime": "04:30PM", "endTime": "05:00PM" }
              ]
            },
            {
              "appointmentDate": "08/26/2024",
              "appointmentDay": "MON",
              "appointmentTime": [
                { "startTime": "10:00AM", "endTime": "10:30AM" },
                { "startTime": "10:30AM", "endTime": "11:00AM" },
                { "startTime": "11:00AM", "endTime": "11:30AM" },
                { "startTime": "11:30AM", "endTime": "12:00PM" },
                { "startTime": "12:00PM", "endTime": "12:30PM" },
                { "startTime": "12:30PM", "endTime": "01:00PM" },
                { "startTime": "01:00PM", "endTime": "01:30PM" },
                { "startTime": "01:30PM", "endTime": "02:00PM" },
                { "startTime": "02:00PM", "endTime": "02:30PM" },
                { "startTime": "02:30PM", "endTime": "03:00PM" },
                { "startTime": "03:00PM", "endTime": "03:30PM" },
                { "startTime": "03:30PM", "endTime": "04:00PM" },
                { "startTime": "04:00PM", "endTime": "04:30PM" },
                { "startTime": "04:30PM", "endTime": "05:00PM" },
                { "startTime": "05:00PM", "endTime": "05:30PM" },
                { "startTime": "05:30PM", "endTime": "06:00PM" },
                { "startTime": "06:00PM", "endTime": "06:30PM" },
                { "startTime": "06:30PM", "endTime": "07:00PM" }
              ]
            },
            {
              "appointmentDate": "08/27/2024",
              "appointmentDay": "TUE",
              "appointmentTime": [
                { "startTime": "10:00AM", "endTime": "10:30AM" },
                { "startTime": "10:30AM", "endTime": "11:00AM" },
                { "startTime": "11:00AM", "endTime": "11:30AM" },
                { "startTime": "11:30AM", "endTime": "12:00PM" },
                { "startTime": "12:00PM", "endTime": "12:30PM" },
                { "startTime": "12:30PM", "endTime": "01:00PM" },
                { "startTime": "01:00PM", "endTime": "01:30PM" },
                { "startTime": "01:30PM", "endTime": "02:00PM" },
                { "startTime": "02:00PM", "endTime": "02:30PM" },
                { "startTime": "02:30PM", "endTime": "03:00PM" },
                { "startTime": "03:00PM", "endTime": "03:30PM" },
                { "startTime": "03:30PM", "endTime": "04:00PM" },
                { "startTime": "04:00PM", "endTime": "04:30PM" },
                { "startTime": "04:30PM", "endTime": "05:00PM" },
                { "startTime": "05:00PM", "endTime": "05:30PM" },
                { "startTime": "05:30PM", "endTime": "06:00PM" },
                { "startTime": "06:00PM", "endTime": "06:30PM" },
                { "startTime": "06:30PM", "endTime": "07:00PM" }
              ]
            },
            {
              "appointmentDate": "08/28/2024",
              "appointmentDay": "WED",
              "appointmentTime": [
                { "startTime": "10:00AM", "endTime": "10:30AM" },
                { "startTime": "10:30AM", "endTime": "11:00AM" },
                { "startTime": "11:00AM", "endTime": "11:30AM" },
                { "startTime": "11:30AM", "endTime": "12:00PM" },
                { "startTime": "12:00PM", "endTime": "12:30PM" },
                { "startTime": "12:30PM", "endTime": "01:00PM" },
                { "startTime": "01:00PM", "endTime": "01:30PM" },
                { "startTime": "01:30PM", "endTime": "02:00PM" },
                { "startTime": "02:00PM", "endTime": "02:30PM" },
                { "startTime": "02:30PM", "endTime": "03:00PM" },
                { "startTime": "03:00PM", "endTime": "03:30PM" },
                { "startTime": "03:30PM", "endTime": "04:00PM" },
                { "startTime": "04:00PM", "endTime": "04:30PM" },
                { "startTime": "04:30PM", "endTime": "05:00PM" },
                { "startTime": "05:00PM", "endTime": "05:30PM" },
                { "startTime": "05:30PM", "endTime": "06:00PM" },
                { "startTime": "06:00PM", "endTime": "06:30PM" },
                { "startTime": "06:30PM", "endTime": "07:00PM" }
              ]
            },
            {
              "appointmentDate": "08/29/2024",
              "appointmentDay": "THU",
              "appointmentTime": [
                { "startTime": "10:00AM", "endTime": "10:30AM" },
                { "startTime": "10:30AM", "endTime": "11:00AM" },
                { "startTime": "11:00AM", "endTime": "11:30AM" },
                { "startTime": "11:30AM", "endTime": "12:00PM" },
                { "startTime": "12:00PM", "endTime": "12:30PM" },
                { "startTime": "12:30PM", "endTime": "01:00PM" },
                { "startTime": "01:00PM", "endTime": "01:30PM" },
                { "startTime": "01:30PM", "endTime": "02:00PM" },
                { "startTime": "02:00PM", "endTime": "02:30PM" },
                { "startTime": "02:30PM", "endTime": "03:00PM" },
                { "startTime": "03:00PM", "endTime": "03:30PM" },
                { "startTime": "03:30PM", "endTime": "04:00PM" },
                { "startTime": "04:00PM", "endTime": "04:30PM" },
                { "startTime": "04:30PM", "endTime": "05:00PM" },
                { "startTime": "05:00PM", "endTime": "05:30PM" },
                { "startTime": "05:30PM", "endTime": "06:00PM" },
                { "startTime": "06:00PM", "endTime": "06:30PM" },
                { "startTime": "06:30PM", "endTime": "07:00PM" }
              ]
            }
          ],
          "drivingDistance": "9.393",
          "earliestAppDate": "2024-02-22",
          "address2": "#5",
          "address1": "7369 West Bell Road",
          "postalCode": "85382",
          "countryCode": "US"
        },
        {
          "vendorName": "UBREAK",
          "businessName": "Asurion Tech Repair & Solutions",
          "storeId": "48",
          "storeName": "Goodyear",
          "distance": "9.4",
          "timeZone": "America/Phoenix",
          "city": "Goodyear",
          "state": "AZ",
          "phone": "6235364880",
          "email": "6235364880",
          "appointmentWindow": [
            {
              "appointmentDate": "08/23/2024",
              "appointmentDay": "FRI",
              "appointmentTime": [
                { "startTime": "10:00AM", "endTime": "10:30AM" },
                { "startTime": "10:30AM", "endTime": "11:00AM" },
                { "startTime": "11:00AM", "endTime": "11:30AM" },
                { "startTime": "11:30AM", "endTime": "12:00PM" },
                { "startTime": "12:00PM", "endTime": "12:30PM" },
                { "startTime": "12:30PM", "endTime": "01:00PM" },
                { "startTime": "01:00PM", "endTime": "01:30PM" },
                { "startTime": "01:30PM", "endTime": "02:00PM" },
                { "startTime": "02:00PM", "endTime": "02:30PM" },
                { "startTime": "02:30PM", "endTime": "03:00PM" },
                { "startTime": "03:00PM", "endTime": "03:30PM" },
                { "startTime": "03:30PM", "endTime": "04:00PM" },
                { "startTime": "04:00PM", "endTime": "04:30PM" },
                { "startTime": "04:30PM", "endTime": "05:00PM" },
                { "startTime": "05:00PM", "endTime": "05:30PM" },
                { "startTime": "05:30PM", "endTime": "06:00PM" },
                { "startTime": "06:00PM", "endTime": "06:30PM" },
                { "startTime": "06:30PM", "endTime": "07:00PM" }
              ]
            },
            {
              "appointmentDate": "08/24/2024",
              "appointmentDay": "SAT",
              "appointmentTime": [
                { "startTime": "10:00AM", "endTime": "10:30AM" },
                { "startTime": "10:30AM", "endTime": "11:00AM" },
                { "startTime": "11:00AM", "endTime": "11:30AM" },
                { "startTime": "11:30AM", "endTime": "12:00PM" },
                { "startTime": "12:00PM", "endTime": "12:30PM" },
                { "startTime": "12:30PM", "endTime": "01:00PM" },
                { "startTime": "01:00PM", "endTime": "01:30PM" },
                { "startTime": "01:30PM", "endTime": "02:00PM" },
                { "startTime": "02:00PM", "endTime": "02:30PM" },
                { "startTime": "02:30PM", "endTime": "03:00PM" },
                { "startTime": "03:00PM", "endTime": "03:30PM" },
                { "startTime": "03:30PM", "endTime": "04:00PM" },
                { "startTime": "04:00PM", "endTime": "04:30PM" },
                { "startTime": "04:30PM", "endTime": "05:00PM" },
                { "startTime": "05:00PM", "endTime": "05:30PM" },
                { "startTime": "05:30PM", "endTime": "06:00PM" },
                { "startTime": "06:00PM", "endTime": "06:30PM" },
                { "startTime": "06:30PM", "endTime": "07:00PM" }
              ]
            },
            {
              "appointmentDate": "08/25/2024",
              "appointmentDay": "SUN",
              "appointmentTime": [
                { "startTime": "12:00PM", "endTime": "12:30PM" },
                { "startTime": "12:30PM", "endTime": "01:00PM" },
                { "startTime": "01:00PM", "endTime": "01:30PM" },
                { "startTime": "01:30PM", "endTime": "02:00PM" },
                { "startTime": "02:00PM", "endTime": "02:30PM" },
                { "startTime": "02:30PM", "endTime": "03:00PM" },
                { "startTime": "03:00PM", "endTime": "03:30PM" },
                { "startTime": "03:30PM", "endTime": "04:00PM" },
                { "startTime": "04:00PM", "endTime": "04:30PM" },
                { "startTime": "04:30PM", "endTime": "05:00PM" }
              ]
            },
            {
              "appointmentDate": "08/26/2024",
              "appointmentDay": "MON",
              "appointmentTime": [
                { "startTime": "10:00AM", "endTime": "10:30AM" },
                { "startTime": "10:30AM", "endTime": "11:00AM" },
                { "startTime": "11:00AM", "endTime": "11:30AM" },
                { "startTime": "11:30AM", "endTime": "12:00PM" },
                { "startTime": "12:00PM", "endTime": "12:30PM" },
                { "startTime": "12:30PM", "endTime": "01:00PM" },
                { "startTime": "01:00PM", "endTime": "01:30PM" },
                { "startTime": "01:30PM", "endTime": "02:00PM" },
                { "startTime": "02:00PM", "endTime": "02:30PM" },
                { "startTime": "02:30PM", "endTime": "03:00PM" },
                { "startTime": "03:00PM", "endTime": "03:30PM" },
                { "startTime": "03:30PM", "endTime": "04:00PM" },
                { "startTime": "04:00PM", "endTime": "04:30PM" },
                { "startTime": "04:30PM", "endTime": "05:00PM" },
                { "startTime": "05:00PM", "endTime": "05:30PM" },
                { "startTime": "05:30PM", "endTime": "06:00PM" },
                { "startTime": "06:00PM", "endTime": "06:30PM" },
                { "startTime": "06:30PM", "endTime": "07:00PM" }
              ]
            },
            {
              "appointmentDate": "08/27/2024",
              "appointmentDay": "TUE",
              "appointmentTime": [
                { "startTime": "10:00AM", "endTime": "10:30AM" },
                { "startTime": "10:30AM", "endTime": "11:00AM" },
                { "startTime": "11:00AM", "endTime": "11:30AM" },
                { "startTime": "11:30AM", "endTime": "12:00PM" },
                { "startTime": "12:00PM", "endTime": "12:30PM" },
                { "startTime": "12:30PM", "endTime": "01:00PM" },
                { "startTime": "01:00PM", "endTime": "01:30PM" },
                { "startTime": "01:30PM", "endTime": "02:00PM" },
                { "startTime": "02:00PM", "endTime": "02:30PM" },
                { "startTime": "02:30PM", "endTime": "03:00PM" },
                { "startTime": "03:00PM", "endTime": "03:30PM" },
                { "startTime": "03:30PM", "endTime": "04:00PM" },
                { "startTime": "04:00PM", "endTime": "04:30PM" },
                { "startTime": "04:30PM", "endTime": "05:00PM" },
                { "startTime": "05:00PM", "endTime": "05:30PM" },
                { "startTime": "05:30PM", "endTime": "06:00PM" },
                { "startTime": "06:00PM", "endTime": "06:30PM" },
                { "startTime": "06:30PM", "endTime": "07:00PM" }
              ]
            },
            {
              "appointmentDate": "08/28/2024",
              "appointmentDay": "WED",
              "appointmentTime": [
                { "startTime": "10:00AM", "endTime": "10:30AM" },
                { "startTime": "10:30AM", "endTime": "11:00AM" },
                { "startTime": "11:00AM", "endTime": "11:30AM" },
                { "startTime": "11:30AM", "endTime": "12:00PM" },
                { "startTime": "12:00PM", "endTime": "12:30PM" },
                { "startTime": "12:30PM", "endTime": "01:00PM" },
                { "startTime": "01:00PM", "endTime": "01:30PM" },
                { "startTime": "01:30PM", "endTime": "02:00PM" },
                { "startTime": "02:00PM", "endTime": "02:30PM" },
                { "startTime": "02:30PM", "endTime": "03:00PM" },
                { "startTime": "03:00PM", "endTime": "03:30PM" },
                { "startTime": "03:30PM", "endTime": "04:00PM" },
                { "startTime": "04:00PM", "endTime": "04:30PM" },
                { "startTime": "04:30PM", "endTime": "05:00PM" },
                { "startTime": "05:00PM", "endTime": "05:30PM" },
                { "startTime": "05:30PM", "endTime": "06:00PM" },
                { "startTime": "06:00PM", "endTime": "06:30PM" },
                { "startTime": "06:30PM", "endTime": "07:00PM" }
              ]
            },
            {
              "appointmentDate": "08/29/2024",
              "appointmentDay": "THU",
              "appointmentTime": [
                { "startTime": "10:00AM", "endTime": "10:30AM" },
                { "startTime": "10:30AM", "endTime": "11:00AM" },
                { "startTime": "11:00AM", "endTime": "11:30AM" },
                { "startTime": "11:30AM", "endTime": "12:00PM" },
                { "startTime": "12:00PM", "endTime": "12:30PM" },
                { "startTime": "12:30PM", "endTime": "01:00PM" },
                { "startTime": "01:00PM", "endTime": "01:30PM" },
                { "startTime": "01:30PM", "endTime": "02:00PM" },
                { "startTime": "02:00PM", "endTime": "02:30PM" },
                { "startTime": "02:30PM", "endTime": "03:00PM" },
                { "startTime": "03:00PM", "endTime": "03:30PM" },
                { "startTime": "03:30PM", "endTime": "04:00PM" },
                { "startTime": "04:00PM", "endTime": "04:30PM" },
                { "startTime": "04:30PM", "endTime": "05:00PM" },
                { "startTime": "05:00PM", "endTime": "05:30PM" },
                { "startTime": "05:30PM", "endTime": "06:00PM" },
                { "startTime": "06:00PM", "endTime": "06:30PM" },
                { "startTime": "06:30PM", "endTime": "07:00PM" }
              ]
            }
          ],
          "drivingDistance": "10.873",
          "earliestAppDate": "2024-02-22",
          "address2": "Suite B-6",
          "address1": "1550 N Dysart Rd",
          "postalCode": "85395",
          "countryCode": "US"
        },
        {
          "vendorName": "UBREAK",
          "businessName": "Asurion Tech Repair & Solutions",
          "storeId": "202",
          "storeName": "Happy Valley",
          "distance": "14.2",
          "timeZone": "America/Phoenix",
          "city": "Phoenix",
          "state": "AZ",
          "phone": "6234444469",
          "email": "6234444469",
          "appointmentWindow": [
            {
              "appointmentDate": "08/23/2024",
              "appointmentDay": "FRI",
              "appointmentTime": [
                { "startTime": "10:00AM", "endTime": "10:30AM" },
                { "startTime": "10:30AM", "endTime": "11:00AM" },
                { "startTime": "11:00AM", "endTime": "11:30AM" },
                { "startTime": "11:30AM", "endTime": "12:00PM" },
                { "startTime": "12:00PM", "endTime": "12:30PM" },
                { "startTime": "12:30PM", "endTime": "01:00PM" },
                { "startTime": "01:00PM", "endTime": "01:30PM" },
                { "startTime": "01:30PM", "endTime": "02:00PM" },
                { "startTime": "02:00PM", "endTime": "02:30PM" },
                { "startTime": "02:30PM", "endTime": "03:00PM" },
                { "startTime": "03:00PM", "endTime": "03:30PM" },
                { "startTime": "03:30PM", "endTime": "04:00PM" },
                { "startTime": "04:00PM", "endTime": "04:30PM" },
                { "startTime": "04:30PM", "endTime": "05:00PM" },
                { "startTime": "05:00PM", "endTime": "05:30PM" },
                { "startTime": "05:30PM", "endTime": "06:00PM" },
                { "startTime": "06:00PM", "endTime": "06:30PM" },
                { "startTime": "06:30PM", "endTime": "07:00PM" }
              ]
            },
            {
              "appointmentDate": "08/24/2024",
              "appointmentDay": "SAT",
              "appointmentTime": [
                { "startTime": "10:00AM", "endTime": "10:30AM" },
                { "startTime": "10:30AM", "endTime": "11:00AM" },
                { "startTime": "11:00AM", "endTime": "11:30AM" },
                { "startTime": "11:30AM", "endTime": "12:00PM" },
                { "startTime": "12:00PM", "endTime": "12:30PM" },
                { "startTime": "12:30PM", "endTime": "01:00PM" },
                { "startTime": "01:00PM", "endTime": "01:30PM" },
                { "startTime": "01:30PM", "endTime": "02:00PM" },
                { "startTime": "02:00PM", "endTime": "02:30PM" },
                { "startTime": "02:30PM", "endTime": "03:00PM" },
                { "startTime": "03:00PM", "endTime": "03:30PM" },
                { "startTime": "03:30PM", "endTime": "04:00PM" },
                { "startTime": "04:00PM", "endTime": "04:30PM" },
                { "startTime": "04:30PM", "endTime": "05:00PM" },
                { "startTime": "05:00PM", "endTime": "05:30PM" },
                { "startTime": "05:30PM", "endTime": "06:00PM" },
                { "startTime": "06:00PM", "endTime": "06:30PM" },
                { "startTime": "06:30PM", "endTime": "07:00PM" }
              ]
            },
            {
              "appointmentDate": "08/25/2024",
              "appointmentDay": "SUN",
              "appointmentTime": [
                { "startTime": "12:00PM", "endTime": "12:30PM" },
                { "startTime": "12:30PM", "endTime": "01:00PM" },
                { "startTime": "01:00PM", "endTime": "01:30PM" },
                { "startTime": "01:30PM", "endTime": "02:00PM" },
                { "startTime": "02:00PM", "endTime": "02:30PM" },
                { "startTime": "02:30PM", "endTime": "03:00PM" },
                { "startTime": "03:00PM", "endTime": "03:30PM" },
                { "startTime": "03:30PM", "endTime": "04:00PM" },
                { "startTime": "04:00PM", "endTime": "04:30PM" },
                { "startTime": "04:30PM", "endTime": "05:00PM" }
              ]
            },
            {
              "appointmentDate": "08/26/2024",
              "appointmentDay": "MON",
              "appointmentTime": [
                { "startTime": "10:00AM", "endTime": "10:30AM" },
                { "startTime": "10:30AM", "endTime": "11:00AM" },
                { "startTime": "11:00AM", "endTime": "11:30AM" },
                { "startTime": "11:30AM", "endTime": "12:00PM" },
                { "startTime": "12:00PM", "endTime": "12:30PM" },
                { "startTime": "12:30PM", "endTime": "01:00PM" },
                { "startTime": "01:00PM", "endTime": "01:30PM" },
                { "startTime": "01:30PM", "endTime": "02:00PM" },
                { "startTime": "02:00PM", "endTime": "02:30PM" },
                { "startTime": "02:30PM", "endTime": "03:00PM" },
                { "startTime": "03:00PM", "endTime": "03:30PM" },
                { "startTime": "03:30PM", "endTime": "04:00PM" },
                { "startTime": "04:00PM", "endTime": "04:30PM" },
                { "startTime": "04:30PM", "endTime": "05:00PM" },
                { "startTime": "05:00PM", "endTime": "05:30PM" },
                { "startTime": "05:30PM", "endTime": "06:00PM" },
                { "startTime": "06:00PM", "endTime": "06:30PM" },
                { "startTime": "06:30PM", "endTime": "07:00PM" }
              ]
            },
            {
              "appointmentDate": "08/27/2024",
              "appointmentDay": "TUE",
              "appointmentTime": [
                { "startTime": "10:00AM", "endTime": "10:30AM" },
                { "startTime": "10:30AM", "endTime": "11:00AM" },
                { "startTime": "11:00AM", "endTime": "11:30AM" },
                { "startTime": "11:30AM", "endTime": "12:00PM" },
                { "startTime": "12:00PM", "endTime": "12:30PM" },
                { "startTime": "12:30PM", "endTime": "01:00PM" },
                { "startTime": "01:00PM", "endTime": "01:30PM" },
                { "startTime": "01:30PM", "endTime": "02:00PM" },
                { "startTime": "02:00PM", "endTime": "02:30PM" },
                { "startTime": "02:30PM", "endTime": "03:00PM" },
                { "startTime": "03:00PM", "endTime": "03:30PM" },
                { "startTime": "03:30PM", "endTime": "04:00PM" },
                { "startTime": "04:00PM", "endTime": "04:30PM" },
                { "startTime": "04:30PM", "endTime": "05:00PM" },
                { "startTime": "05:00PM", "endTime": "05:30PM" },
                { "startTime": "05:30PM", "endTime": "06:00PM" },
                { "startTime": "06:00PM", "endTime": "06:30PM" },
                { "startTime": "06:30PM", "endTime": "07:00PM" }
              ]
            },
            {
              "appointmentDate": "08/28/2024",
              "appointmentDay": "WED",
              "appointmentTime": [
                { "startTime": "10:00AM", "endTime": "10:30AM" },
                { "startTime": "10:30AM", "endTime": "11:00AM" },
                { "startTime": "11:00AM", "endTime": "11:30AM" },
                { "startTime": "11:30AM", "endTime": "12:00PM" },
                { "startTime": "12:00PM", "endTime": "12:30PM" },
                { "startTime": "12:30PM", "endTime": "01:00PM" },
                { "startTime": "01:00PM", "endTime": "01:30PM" },
                { "startTime": "01:30PM", "endTime": "02:00PM" },
                { "startTime": "02:00PM", "endTime": "02:30PM" },
                { "startTime": "02:30PM", "endTime": "03:00PM" },
                { "startTime": "03:00PM", "endTime": "03:30PM" },
                { "startTime": "03:30PM", "endTime": "04:00PM" },
                { "startTime": "04:00PM", "endTime": "04:30PM" },
                { "startTime": "04:30PM", "endTime": "05:00PM" },
                { "startTime": "05:00PM", "endTime": "05:30PM" },
                { "startTime": "05:30PM", "endTime": "06:00PM" },
                { "startTime": "06:00PM", "endTime": "06:30PM" },
                { "startTime": "06:30PM", "endTime": "07:00PM" }
              ]
            },
            {
              "appointmentDate": "08/29/2024",
              "appointmentDay": "THU",
              "appointmentTime": [
                { "startTime": "10:00AM", "endTime": "10:30AM" },
                { "startTime": "10:30AM", "endTime": "11:00AM" },
                { "startTime": "11:00AM", "endTime": "11:30AM" },
                { "startTime": "11:30AM", "endTime": "12:00PM" },
                { "startTime": "12:00PM", "endTime": "12:30PM" },
                { "startTime": "12:30PM", "endTime": "01:00PM" },
                { "startTime": "01:00PM", "endTime": "01:30PM" },
                { "startTime": "01:30PM", "endTime": "02:00PM" },
                { "startTime": "02:00PM", "endTime": "02:30PM" },
                { "startTime": "02:30PM", "endTime": "03:00PM" },
                { "startTime": "03:00PM", "endTime": "03:30PM" },
                { "startTime": "03:30PM", "endTime": "04:00PM" },
                { "startTime": "04:00PM", "endTime": "04:30PM" },
                { "startTime": "04:30PM", "endTime": "05:00PM" },
                { "startTime": "05:00PM", "endTime": "05:30PM" },
                { "startTime": "05:30PM", "endTime": "06:00PM" },
                { "startTime": "06:00PM", "endTime": "06:30PM" },
                { "startTime": "06:30PM", "endTime": "07:00PM" }
              ]
            }
          ],
          "drivingDistance": "19.816",
          "earliestAppDate": "2024-02-22",
          "address2": "#32-1100",
          "address1": "2501 W Happy Valley Rd",
          "postalCode": "85085",
          "countryCode": "US"
        },
        {
          "vendorName": "UBREAK",
          "businessName": "Asurion Tech Repair & Solutions",
          "storeId": "87",
          "storeName": "North Valley",
          "distance": "15.0",
          "timeZone": "America/Phoenix",
          "city": "Phoenix",
          "state": "AZ",
          "phone": "6028437002",
          "email": "6028437002",
          "appointmentWindow": [
            {
              "appointmentDate": "08/23/2024",
              "appointmentDay": "FRI",
              "appointmentTime": [
                { "startTime": "10:00AM", "endTime": "10:30AM" },
                { "startTime": "10:30AM", "endTime": "11:00AM" },
                { "startTime": "11:00AM", "endTime": "11:30AM" },
                { "startTime": "11:30AM", "endTime": "12:00PM" },
                { "startTime": "12:00PM", "endTime": "12:30PM" },
                { "startTime": "12:30PM", "endTime": "01:00PM" },
                { "startTime": "01:00PM", "endTime": "01:30PM" },
                { "startTime": "01:30PM", "endTime": "02:00PM" },
                { "startTime": "02:00PM", "endTime": "02:30PM" },
                { "startTime": "02:30PM", "endTime": "03:00PM" },
                { "startTime": "03:00PM", "endTime": "03:30PM" },
                { "startTime": "03:30PM", "endTime": "04:00PM" },
                { "startTime": "04:00PM", "endTime": "04:30PM" },
                { "startTime": "04:30PM", "endTime": "05:00PM" },
                { "startTime": "05:00PM", "endTime": "05:30PM" },
                { "startTime": "05:30PM", "endTime": "06:00PM" },
                { "startTime": "06:00PM", "endTime": "06:30PM" },
                { "startTime": "06:30PM", "endTime": "07:00PM" }
              ]
            },
            {
              "appointmentDate": "08/24/2024",
              "appointmentDay": "SAT",
              "appointmentTime": [
                { "startTime": "10:00AM", "endTime": "10:30AM" },
                { "startTime": "10:30AM", "endTime": "11:00AM" },
                { "startTime": "11:00AM", "endTime": "11:30AM" },
                { "startTime": "11:30AM", "endTime": "12:00PM" },
                { "startTime": "12:00PM", "endTime": "12:30PM" },
                { "startTime": "12:30PM", "endTime": "01:00PM" },
                { "startTime": "01:00PM", "endTime": "01:30PM" },
                { "startTime": "01:30PM", "endTime": "02:00PM" },
                { "startTime": "02:00PM", "endTime": "02:30PM" },
                { "startTime": "02:30PM", "endTime": "03:00PM" },
                { "startTime": "03:00PM", "endTime": "03:30PM" },
                { "startTime": "03:30PM", "endTime": "04:00PM" },
                { "startTime": "04:00PM", "endTime": "04:30PM" },
                { "startTime": "04:30PM", "endTime": "05:00PM" },
                { "startTime": "05:00PM", "endTime": "05:30PM" }
              ]
            }
          ]
        }
      ]
    }
  }
}
