{
  "meta": {
    "timestamp": "1723046177456",
    "cxpCorrelationId": "2024-08-07T15:56:17.+0000:ebe0e55044f4e1b6:cxp-accountmaintenance-services-67644ddf84-npqx2:nssit1"
  },
  "data": {
    "returnType": [
      {
        "returnTypeCode": "clnr",
        "returnTypeDescription": "Cleaner",
        "returnReason": [
          {
            "returnReasonType": "Others",
            "primaryReasons": [
              {
                "code": "00",
                "description": "Power",
                "secondaryReasons": [
                  {
                    "code": "01",
                    "description": "Does Not Power On at all"
                  },
                  {
                    "code": "02",
                    "description": "Intermittently Powers on"
                  },
                  {
                    "code": "03",
                    "description": "Incomplete Wake Up"
                  },
                  {
                    "code": "04",
                    "description": "Short Battery Life"
                  },
                  {
                    "code": "05",
                    "description": "Power Cycles/Reset itself"
                  },
                  {
                    "code": "06",
                    "description": "Charging issue - Wired"
                  },
                  {
                    "code": "07",
                    "description": "Charging issue - Wireless"
                  },
                  {
                    "code": "08",
                    "description": "Broken/Loose Charging Port"
                  },
                  {
                    "code": "09",
                    "description": "Overheating Abnormally Warm"
                  }
                ]
              },
              {
                "code": "10",
                "description": "Audio/Alert",
                "secondaryReasons": [
                  {
                    "code": "11",
                    "description": "Earpiece Audio Absent"
                  },
                  {
                    "code": "12",
                    "description": "Earpiece Audio Poor"
                  },
                  {
                    "code": "13",
                    "description": "Microphone Audio Absent"
                  },
                  {
                    "code": "14",
                    "description": "Microphone Audio Poor"
                  },
                  {
                    "code": "15",
                    "description": "Vibrate Absent or Poor"
                  },
                  {
                    "code": "16",
                    "description": "Speaker/Ringer/Alerts Absent"
                  },
                  {
                    "code": "17",
                    "description": "Speaker/Ringer/Alerts Poor"
                  },
                  {
                    "code": "18",
                    "description": "Headset Jack"
                  },
                  {
                    "code": "19",
                    "description": "Bluetooth Audio Absent/Poor"
                  }
                ]
              },
              {
                "code": "20",
                "description": "Display/Touchscreen",
                "secondaryReasons": [
                  {
                    "code": "21",
                    "description": "Blank/One Color Display"
                  },
                  {
                    "code": "22",
                    "description": "Partial or Poor Color Display"
                  },
                  {
                    "code": "23",
                    "description": "Display Frozen Will Not change"
                  },
                  {
                    "code": "24",
                    "description": "Lined or Flickering Display"
                  },
                  {
                    "code": "25",
                    "description": "Cracked / Bleeding Display"
                  },
                  {
                    "code": "27",
                    "description": "Proximity Sensor"
                  },
                  {
                    "code": "28",
                    "description": "Touch Screen Response Poor"
                  },
                  {
                    "code": "29",
                    "description": "Do Not Use - SCM System Test"
                  }
                ]
              },
              {
                "code": "30",
                "description": "Network Interaction",
                "secondaryReasons": [
                  {
                    "code": "31",
                    "description": "No 5G service/does not connect"
                  },
                  {
                    "code": "32",
                    "description": "No or Loses 4G Service"
                  },
                  {
                    "code": "33",
                    "description": "Drop Calls-NRB confirms Device"
                  },
                  {
                    "code": "34",
                    "description": "Static / Interference"
                  },
                  {
                    "code": "35",
                    "description": "Does Not Receive Calls"
                  },
                  {
                    "code": "36",
                    "description": "Does Not Make Calls"
                  },
                  {
                    "code": "37",
                    "description": "Mobile Hotspot Function"
                  },
                  {
                    "code": "38",
                    "description": "WiFi Device Functionality"
                  },
                  {
                    "code": "39",
                    "description": "GPS Device Functionality"
                  }
                ]
              },
              {
                "code": "40",
                "description": "Function",
                "secondaryReasons": [
                  {
                    "code": "41",
                    "description": "Activation / Programming"
                  },
                  {
                    "code": "42",
                    "description": "Error Msg-Cannot recover dev."
                  },
                  {
                    "code": "43",
                    "description": "Memory Card or slot"
                  },
                  {
                    "code": "44",
                    "description": "User content lost or no access"
                  },
                  {
                    "code": "45",
                    "description": "Sluggish or random actions"
                  },
                  {
                    "code": "46",
                    "description": "SIM Card or Slot"
                  },
                  {
                    "code": "47",
                    "description": "Backlight"
                  },
                  {
                    "code": "49",
                    "description": "Software will not Update"
                  }
                ]
              },
              {
                "code": "50",
                "description": "Data/Web/Media Center",
                "secondaryReasons": [
                  {
                    "code": "51",
                    "description": "Camera or Video Functionality"
                  },
                  {
                    "code": "52",
                    "description": "TXT/IM/PIX/VID Messages"
                  },
                  {
                    "code": "53",
                    "description": "HDMI Port"
                  },
                  {
                    "code": "54",
                    "description": "Unstable Data Connection"
                  },
                  {
                    "code": "57",
                    "description": "iTunes Access Wired Connection"
                  },
                  {
                    "code": "58",
                    "description": "Web or Data access"
                  },
                  {
                    "code": "59",
                    "description": "Near Field (NFC) / Air Share"
                  }
                ]
              },
              {
                "code": "60",
                "description": "Keypad/Buttons/Housing",
                "secondaryReasons": [
                  {
                    "code": "61",
                    "description": "Dev. or Accessory Housing/Fit"
                  },
                  {
                    "code": "62",
                    "description": "Physical Keypad"
                  },
                  {
                    "code": "63",
                    "description": "Power button"
                  },
                  {
                    "code": "64",
                    "description": "Home/Navigation button"
                  },
                  {
                    "code": "65",
                    "description": "Volume Buttons"
                  },
                  {
                    "code": "66",
                    "description": "Softkey or virtual keys"
                  },
                  {
                    "code": "67",
                    "description": "Biometric Lock"
                  },
                  {
                    "code": "68",
                    "description": "Physical Mute Switch"
                  },
                  {
                    "code": "69",
                    "description": "Wrong CLNR previously provided"
                  }
                ]
              }
            ]
          },
          {
            "returnReasonType": "EMER",
            "primaryReasons": [
              {
                "code": "90",
                "description": "Processing",
                "secondaryReasons": [
                  {
                    "code": "98",
                    "description": "Emergency Stock Return"
                  }
                ]
              }
            ]
          },
          {
            "returnReasonType": "DFill",
            "primaryReasons": [
              {
                "code": "00",
                "description": "Power",
                "secondaryReasons": [
                  {
                    "code": "01",
                    "description": "Does Not Power On at all"
                  },
                  {
                    "code": "02",
                    "description": "Intermittently Powers on"
                  },
                  {
                    "code": "03",
                    "description": "Incomplete Wake Up"
                  },
                  {
                    "code": "04",
                    "description": "Short Battery Life"
                  },
                  {
                    "code": "05",
                    "description": "Power Cycles/Reset itself"
                  },
                  {
                    "code": "06",
                    "description": "Charging issue - Wired"
                  },
                  {
                    "code": "07",
                    "description": "Charging issue - Wireless"
                  },
                  {
                    "code": "08",
                    "description": "Broken/Loose Charging Port"
                  },
                  {
                    "code": "09",
                    "description": "Overheating Abnormally Warm"
                  }
                ]
              },
              {
                "code": "10",
                "description": "Audio/Alert",
                "secondaryReasons": [
                  {
                    "code": "11",
                    "description": "Earpiece Audio Absent"
                  },
                  {
                    "code": "12",
                    "description": "Earpiece Audio Poor"
                  },
                  {
                    "code": "13",
                    "description": "Microphone Audio Absent"
                  },
                  {
                    "code": "14",
                    "description": "Microphone Audio Poor"
                  },
                  {
                    "code": "15",
                    "description": "Vibrate Absent or Poor"
                  },
                  {
                    "code": "16",
                    "description": "Speaker/Ringer/Alerts Absent"
                  },
                  {
                    "code": "17",
                    "description": "Speaker/Ringer/Alerts Poor"
                  },
                  {
                    "code": "18",
                    "description": "Headset Jack"
                  },
                  {
                    "code": "19",
                    "description": "Bluetooth Audio Absent/Poor"
                  }
                ]
              },
              {
                "code": "20",
                "description": "Display/Touchscreen",
                "secondaryReasons": [
                  {
                    "code": "21",
                    "description": "Blank/One Color Display"
                  },
                  {
                    "code": "22",
                    "description": "Partial or Poor Color Display"
                  },
                  {
                    "code": "23",
                    "description": "Display Frozen Will Not change"
                  },
                  {
                    "code": "24",
                    "description": "Lined or Flickering Display"
                  },
                  {
                    "code": "25",
                    "description": "Cracked / Bleeding Display"
                  },
                  {
                    "code": "27",
                    "description": "Proximity Sensor"
                  },
                  {
                    "code": "28",
                    "description": "Touch Screen Response Poor"
                  },
                  {
                    "code": "29",
                    "description": "Do Not Use - SCM System Test"
                  }
                ]
              },
              {
                "code": "30",
                "description": "Network Interaction",
                "secondaryReasons": [
                  {
                    "code": "31",
                    "description": "No 5G service/does not connect"
                  },
                  {
                    "code": "32",
                    "description": "No or Loses 4G Service"
                  },
                  {
                    "code": "33",
                    "description": "Drop Calls-NRB confirms Device"
                  },
                  {
                    "code": "34",
                    "description": "Static / Interference"
                  },
                  {
                    "code": "35",
                    "description": "Does Not Receive Calls"
                  },
                  {
                    "code": "36",
                    "description": "Does Not Make Calls"
                  },
                  {
                    "code": "37",
                    "description": "Mobile Hotspot Function"
                  },
                  {
                    "code": "38",
                    "description": "WiFi Device Functionality"
                  },
                  {
                    "code": "39",
                    "description": "GPS Device Functionality"
                  }
                ]
              },
              {
                "code": "40",
                "description": "Function",
                "secondaryReasons": [
                  {
                    "code": "41",
                    "description": "Activation / Programming"
                  },
                  {
                    "code": "42",
                    "description": "Error Msg-Cannot recover dev."
                  },
                  {
                    "code": "43",
                    "description": "Memory Card or slot"
                  },
                  {
                    "code": "44",
                    "description": "User content lost or no access"
                  },
                  {
                    "code": "45",
                    "description": "Sluggish or random actions"
                  },
                  {
                    "code": "46",
                    "description": "SIM Card or Slot"
                  },
                  {
                    "code": "47",
                    "description": "Backlight"
                  },
                  {
                    "code": "49",
                    "description": "Software will not Update"
                  }
                ]
              },
              {
                "code": "50",
                "description": "Data/Web/Media Center",
                "secondaryReasons": [
                  {
                    "code": "51",
                    "description": "Camera or Video Functionality"
                  },
                  {
                    "code": "52",
                    "description": "TXT/IM/PIX/VID Messages"
                  },
                  {
                    "code": "53",
                    "description": "HDMI Port"
                  },
                  {
                    "code": "54",
                    "description": "Unstable Data Connection"
                  },
                  {
                    "code": "57",
                    "description": "iTunes Access Wired Connection"
                  },
                  {
                    "code": "58",
                    "description": "Web or Data access"
                  },
                  {
                    "code": "59",
                    "description": "Near Field (NFC) / Air Share"
                  }
                ]
              },
              {
                "code": "60",
                "description": "Keypad/Buttons/Housing",
                "secondaryReasons": [
                  {
                    "code": "61",
                    "description": "Dev. or Accessory Housing/Fit"
                  },
                  {
                    "code": "62",
                    "description": "Physical Keypad"
                  },
                  {
                    "code": "63",
                    "description": "Power button"
                  },
                  {
                    "code": "64",
                    "description": "Home/Navigation button"
                  },
                  {
                    "code": "65",
                    "description": "Volume Buttons"
                  },
                  {
                    "code": "66",
                    "description": "Softkey or virtual keys"
                  },
                  {
                    "code": "67",
                    "description": "Biometric Lock"
                  },
                  {
                    "code": "68",
                    "description": "Physical Mute Switch"
                  },
                  {
                    "code": "69",
                    "description": "Wrong CLNR previously provided"
                  }
                ]
              },
              {
                "code": "90",
                "description": "Processing",
                "secondaryReasons": [
                  {
                    "code": "98",
                    "description": "Emergency Stock Return"
                  }
                ]
              }
            ]
          },
          {
            "returnReasonType": "PGM",
            "primaryReasons": [
              {
                "code": "00",
                "description": "Power",
                "secondaryReasons": [
                  {
                    "code": "05",
                    "description": "Power Cycles/Reset itself"
                  }
                ]
              }
            ]
          }
        ]
      }
    ]
  }
}
