{
  "data": {
    "cart": {
      "cartHeader": { "fullAccountNumber": "0324033193-1" },
      "cartId": "37a5a2d4-0fd8-4ad8-b5a1-2bc99a90e644",
      "lineDetails": {
        "lineInfo": [
          {
            "itemsInfo": [
              {
                "clnrInfo": {
                  "symptom": "no internet to her daughter has no internet edu for the hotspot and Bluetooth happens a week already still shows no service data is not responding when customer tried to open any of the apps it won't load edu for the fdr since wanted to have a replacement edu for the esim edu for the clnr replacement but when tried to activated even wifi wont recognize from her device, edu to bring the phone to store wii cb the cx and will process replacement if need device just bought last nov. clnr shows not a",
                  "primaryReasonInfo": {
                    "reasonCode": "50",
                    "reasonDescription": "Data/VoLTE/Media"
                  },
                  "secondaryReasonInfo": {
                    "reasonCode": "54",
                    "reasonDescription": "Unstable Data Connection"
                  },
                  "isDeviceRepaireEligible": false,
                  "clnrReason": "FX",
                  "clnrDeviceType": "Primary",
                  "transactionType": "Device Replacement"
                },
                "cartItems": {
                  "cartItem": [
                    {
                      "cartItemType": "DEVICE",
                      "description": "IP15 P 256 WT",
                      "deviceDisplayName": "IP15 P 256 WT",
                      "imageUrlMap": {
                        "defaultImage": "https://ss7.vzw.com/is/image/VerizonWireless/DU-fallback-smartphone-03152023",
                        "largeImage": "https://ss7.vzw.com/is/image/VerizonWireless/DU-fallback-smartphone-03152023?$device-lg$",
                        "mediumImage": "https://ss7.vzw.com/is/image/VerizonWireless/DU-fallback-smartphone-03152023?$device-med$",
                        "miniImage": "https://ss7.vzw.com/is/image/VerizonWireless/DU-fallback-smartphone-03152023?$device-mini$",
                        "thumbImage": "https://ss7.vzw.com/is/image/VerizonWireless/DU-fallback-smartphone-03152023?$device-thumb$"
                      },
                      "itemCode": "CLNRAPL15P256W"
                    },
                    { "cartItemType": "SIM", "itemCode": "UNIVESIM5G-SAB-A", "itemPrice": "0.0" },
                    { "cartItemType": "WARRANTY", "itemCode": "WAR6002", "itemPrice": "0.0" },
                    {
                      "cartItemType": "SHIPPING",
                      "description": "Free Next Day by 8pm",
                      "itemCode": "FREEOVRNTSHP",
                      "itemPrice": "0"
                    },
                    {
                      "cartItemType": "SOFT_SKU",
                      "deviceId": "353788465842824",
                      "itemCode": "CLNRRL",
                      "itemPrice": "0.0"
                    }
                  ]
                },
                "refundCartItems": {
                  "cartItem": [
                    {
                      "cartItemType": "DEVICE",
                      "description": "IP15 P 256 WT",
                      "deviceDisplayName": "IP15 P 256 WT",
                      "deviceId": "353788465842824",
                      "imageUrlMap": {
                        "defaultImage": "https://ss7.vzw.com/is/image/VerizonWireless/apple-iphone-15-pro-1tb-white-titanium-mtu43ll-a-a",
                        "largeImage": "https://ss7.vzw.com/is/image/VerizonWireless/apple-iphone-15-pro-1tb-white-titanium-mtu43ll-a-a?$device-lg$",
                        "mediumImage": "https://ss7.vzw.com/is/image/VerizonWireless/apple-iphone-15-pro-1tb-white-titanium-mtu43ll-a-a?$device-med$",
                        "miniImage": "https://ss7.vzw.com/is/image/VerizonWireless/apple-iphone-15-pro-1tb-white-titanium-mtu43ll-a-a?$device-mini$",
                        "thumbImage": "https://ss7.vzw.com/is/image/VerizonWireless/apple-iphone-15-pro-1tb-white-titanium-mtu43ll-a-a?$device-thumb$"
                      },
                      "itemCode": "MTQT3LL/A"
                    }
                  ]
                },
                "shipping": {
                  "address": {
                    "addressIdNumber": "",
                    "addressLine1": "23 COTTONWOOD DR",
                    "addressLine2": "",
                    "apartmentNo": "",
                    "city": "JACKSON",
                    "countryCode": "",
                    "county": "",
                    "e911AddressSharingOptIn": false,
                    "emailId": "KARIANN2375@GMAIL.COM",
                    "fipsCode": "3402900000",
                    "firmName": "",
                    "firstName": "KARI",
                    "floor": 0,
                    "lastName": "MCNAIR",
                    "phoneNumber": "7322281339",
                    "poBoxNo": "",
                    "ruralDelNo": "",
                    "state": "NJ",
                    "streetDirection": "",
                    "streetName": "COTTONWOOD",
                    "streetNumber": "23",
                    "streetType": "DR",
                    "type": "R",
                    "zipCode": "08527",
                    "zipCode4": "4940"
                  },
                  "firstName": "KARI",
                  "lastName": "MCNAIR",
                  "midInitials": "",
                  "shippingCode": "FREEOVRNTSHP",
                  "shippingCost": "0",
                  "showISPUErrorMessage": false,
                  "showSDDErrorMessage": false
                }
              }
            ],
            "lineActivityType": "CLNR",
            "mtnDetails": { "mobileNumber": "7325476625" },
            "serviceInfo": {
              "primaryUserInfo": {
                "firstName": "KARI",
                "lastName": "MCNAIR",
                "emailId": "KARIANN2375@GMAIL.COM"
              }
            }
          }
        ]
      },
      "orderDetails": {}
    }
  }
}
