{
  "serviceHeader": {
    "clientId": "OMNI-RETAIL",
    "statusMsg": "SUCCESS",
    "serviceName": "SalesOrderAdjustment",
    "statusCode": "00",
    "sessionId": "",
    "correlationId": "69a66ef4d7e344dfb2db299209ea8333"
  },
  "serviceBody": {
    "serviceResponse": {
      "context": {
        "caseId": "SOA-2059770026-E01",
        "contextInfo": {
          "callReason": "SalesOrderAdjustment",
          "processStep": "CLNRReview",
          "processAction": "",
          "availablePaths": [{ "path": "CLNRReview" }, { "path": "CLNRReview" }]
        },
        "customerInfo": {
          "accountNumber": "0287325113-00001",
          "cartCreator": "4195660744",
          "processingMTN": "4195660744",
          "registerNumber": 0
        },
        "cartInfo": {
          "cartId": "c883d7e4-25c8-423c-bd03-d0cd3a0969c0",
          "statusMsg": "Success",
          "statusCode": "1",
          "lines": [{ "mtn": "4195660744", "appleEligibleInd": "N" }]
        }
      }
    }
  }
}
