{
  "serviceHeader": {
    "clientId": "VZW-NETACE",
    "statusMsg": "SUCCESS",
    "serviceName": "SalesOrderAdjustment",
    "statusCode": "00",
    "sessionId": "",
    "correlationId": "69a66ef4d7e344dfb2db299209ea8333"
  },
  "serviceBody": {
    "serviceResponse": {
      "context": {
        "caseId": "SOA-2059942408-E01",
        "contextInfo": {
          "callReason": "SalesOrderAdjustment",
          "processStep": "CLNRReview",
          "processAction": "",
          "availablePaths": [
            { "path": "CLNRReview" },
            { "path": "CLNREdit" },
            { "path": "CLNRReview" },
            { "path": "CLNREdit" }
          ]
        },
        "skipCheckoutCall": false,
        "customerInfo": {
          "accountNumber": "0226182605-00001",
          "registerNumber": 0,
          "cartCreator": "7132990039",
          "processingMTN": "7132990039"
        },
        "cartInfo": {
          "cartId": "0610792c-51dd-4e86-add2-ec7afd12ceea",
          "statusMsg": "Success",
          "statusCode": "1"
        },
        "isFwaServiceAddress": false
      }
    }
  }
}
