{
  "responseInfo": {
      "timeStamp": "10-10-2024 02:01:57",
      "correlationId": "81af6528-55f5-4668-aee0-b023cbb4ffb0-507437",
      "responseCode": "00",
      "responseMessage": "SUCCESS",
      "sectionErrors": []
  },
  "body": {
      "serviceHeader": {
          "statusMsg": "SUCCESS",
          "serviceName": "SalesOrderAdjustment",
          "userId": "",
          "statusCode": "00",
          "sessionId": "",
          "correlationId": "soe-cart-2024.10.10.14.01.56-509.8311086615147"
      },
      "serviceBody": {
          "serviceResponse": {
              "context": {
                  "caseId": "SOA-14135589-E01",
                  "contextInfo": {
                      "callReason": "SalesOrderAdjustment",
                      "processStep": "OrderReview",
                      "processAction": "",
                      "availablePaths": [
                          {
                              "path": "ConfirmationPage"
                          },
                          {
                              "path": "Payment-Agreement"
                          },
                          {
                              "path": "ConfirmationPage"
                          },
                          {
                              "path": "Payment-Agreement"
                          }
                      ]
                  },
                  "cartInfo": {
                      "cartId": "5c89a93d-7d79-4766-b8eb-a34ffdd1176c",
                      "method": "addtoCart"
                  },
                  "customerInfo": {
                      "registerNumber": 0,
                      "accountNumber": "0425182572-00001",
                      "cartCreator": "7574348727",
                      "processingMTN": ""
                  },
                  "validateOrder": {
                      "orderDetails": [
                          {
                              "digitalOrderId": 996762227860101,
                              "orderNumber": "30050042",
                              "lineErrorList": [],
                              "systemId": "",
                              "creditApplicationNum": "701055525",
                              "orderStatus": "SUCCESS",
                              "shipmentAddressValidated": true,
                              "userId": "",
                              "statusMsg": "",
                              "creditApprovalStatus": "AP",
                              "creditStatusReason": "CA Customer Systematic Approval",
                              "securityDepositAmount": "0",
                              "loveligibility": false,
                              "statusCode": "",
                              "showConflicts": false
                          }
                      ],
                      "cartId": "",
                      "locationCode": "E247201",
                      "orderType": "IS",
                      "saleType": "P",
                      "totalDueMonthly": 0.0,
                      "totalDownPaymentAmt": 0.0,
                      "paymentRequired": false,
                      "effectivePlanDateValid": false,
                      "downpaymentRequired": false,
                      "managerApproval": false,
                      "prefferedPricingOptions": false
                  }
              }
          }
      }
  }
}