{
    "responseInfo": {
        "timeStamp": "09-12-2024 05:28:05",
        "correlationId": "d84e0638-e823-4db3-826f-ac2492f180c6-2408605",
        "responseCode": "00",
        "responseMessage": "SUCCESS",
        "sectionErrors": []
    },
    "body": {
        "pageId": "deviceOverviewLandingPage",
        "pageAttributes": [
            {
                "itemKey": "pageTitle",
                "itemValue": "Devices Landing Page"
            },
            {
                "itemKey": "hashedAccountNumber",
                "itemValue": "b1aba5fc0044b2d1c184f082a3cf28eddc335f2e96d6ff198c109eecd881c8ad",
                "itemType": "text"
            },
            {
                "itemKey": "hashedMdn",
                "itemValue": "28318faa8241aabbf20d6acc3de9e2f2f898daa862c693a8b36e233bfa5b8184",
                "itemType": "text"
            },
            {
                "itemKey": "customerType",
                "itemValue": "BE",
                "itemType": "text"
            }
        ],
        "sections": [
            {
                "sectionIndex": "0",
                "sectionId": "devicesLandingMainSection",
                "sectionType": "devicesLandingMainSection",
                "sectionComponentId": "GenericComponent",
                "sections": [
                    {
                        "sectionIndex": "0",
                        "sectionId": "devicesLandingPageSection",
                        "sectionType": "devicesSection",
                        "actions": [
                            {
                                "actionType": "redirect",
                                "actionValue": "https://www.verizon.com/coverage-map/",
                                "actionKey": "review5gCoverageAction",
                                "clickStream": "review-5g-coverage-cta"
                            },
                            {
                                "actionType": "route",
                                "actionValue": "/deviceDetail",
                                "actionKey": "manageDeviceAction",
                                "clickStream": "manage-device-cta"
                            },
                            {
                                "actionType": "redirect",
                                "actionValue": "https://vzwqa2.verizonwireless.com/smartphones/?flow=AAL",
                                "actionKey": "addALineAction",
                                "clickStream": "add-a-line-cta"
                            },
                            {
                                "actionType": "redirect",
                                "actionValue": "https://vzwqa2.verizonwireless.com/products/",
                                "actionKey": "getAccessoriesAction",
                                "clickStream": "get-accessories-for-your-device-cta"
                            },
                            {
                                "actionType": "redirect",
                                "actionValue": "https://vzwqa2.verizonwireless.com/devices/",
                                "actionKey": "shopADevicetAction",
                                "clickStream": "shop-a-device-cta"
                            },
                            {
                                "actionType": "redirect",
                                "actionValue": "https://vzwqa2.verizonwireless.com/sales/as/home.html",
                                "actionKey": "activateDeviceAction",
                                "clickStream": "activate-your-device-cta"
                            },
                            {
                                "actionType": "redirect",
                                "actionValue": "https://vzwqa2.verizonwireless.com/digital/nsa/secure/ui/cpc/#/",
                                "actionKey": "managePlanAction",
                                "clickStream": "manage-plan-cta"
                            },
                            {
                                "actionType": "redirect",
                                "actionValue": "https://vzwqa2.verizonwireless.com/sales/as/home.html",
                                "actionKey": "bringDeviceAction",
                                "clickStream": "bring-your-device-cta"
                            },
                            {
                                "actionType": "redirect",
                                "actionValue": "https://vzwqa2.verizonwireless.com/digital/nsa/secure/ui/devices/routermgmt/?t=",
                                "actionKey": "manageRouterAction",
                                "clickStream": "manage-router-cta"
                            },
                            {
                                "actionType": "redirect",
                                "actionValue": "https://vzwqa2.verizonwireless.com/sales/nextgen/mdnselection.html?flow=EUP&MyvPage=true&amLogin=true&dc=phone&t=",
                                "actionKey": "upgradeDeviceAction",
                                "clickStream": "upgrade-device-cta"
                            },
                            {
                                "actionType": "http",
                                "actionValue": "https://vzwqa2.verizonwireless.com/digital/nsa/secure/ui/support/networkcompatibility",
                                "actionKey": "checkNetworkCompatibiltyAction"
                            },
                            {
                                "actionType": "http",
                                "actionValue": "https://vzwqa2.verizonwireless.com/ui/ntwk/ao/networkextender",
                                "actionKey": "manageNetworkExtender",
                                "clickStream": "manage-network-extender-cta"
                            },
                            {
                                "actionType": "http",
                                "actionValue": "https://vzwqa2.verizonwireless.com/digital/nsa/secure/ui/devices/suspendreconnect/",
                                "actionKey": "reconnecAction",
                                "clickStream": "re-connec-device-cta"
                            },
                            {
                                "actionType": "redirect",
                                "actionValue": "https://www.verizon.com/support/all-access-home-faqs",
                                "actionKey": "manageTgwRouterAction",
                                "clickStream": "manage-tgw-router-cta"
                            },
                            {
                                "actionType": "http",
                                "actionValue": "/shop/online/free-cell-phones/",
                                "actionKey": "addLineAction",
                                "clickStream": "shop-phones-cta"
                            },
                            {
                                "actionType": "http",
                                "actionValue": "https://vzwqa2.verizonwireless.com/support/devices/",
                                "actionKey": "troubleshootDeviceAction",
                                "clickStream": "troubleshoot-your-device-cta"
                            },
                            {
                                "actionType": "http",
                                "actionValue": "https://vzwqa2.verizonwireless.com/digital/nsa/secure/ui/cpc/#/",
                                "actionKey": "pearlTrialAction",
                                "clickStream": "pearlTrial"
                            },
                            {
                                "actionType": "http",
                                "actionValue": "https://vzwqa2.verizonwireless.com/sales/digital/dvm/conversion.html",
                                "actionKey": "pearlTrialPlanAction",
                                "clickStream": "pearlTrialDashboard"
                            },
                            {
                                "actionType": "http",
                                "actionValue": "https://vzwqa2.verizonwireless.com/digital/nsa/secure/ui/acct/profile/security/simfreeze#/",
                                "actionKey": "SIMFreezeSettingBtnAction",
                                "clickStream": "simFreeze-setting-redirect-cta"
                            }
                        ],
                        "contents": [
                            {
                                "contentIndex": "0",
                                "items": [
                                    {
                                        "itemKey": "headerText",
                                        "itemType": "text",
                                        "itemValue": "Keep tabs on your devices here.",
                                        "itemAttributes": {}
                                    },
                                    {
                                        "itemKey": "subHeaderText",
                                        "itemType": "text",
                                        "itemValue": "You can easily manage, upgrade, pay off or add a line at anytime.",
                                        "itemAttributes": {}
                                    },
                                    {
                                        "itemKey": "myDevicesHeader",
                                        "itemType": "text",
                                        "itemValue": "My devices",
                                        "itemAttributes": {}
                                    },
                                    {
                                        "itemKey": "relatedTopicsHeader",
                                        "itemType": "text",
                                        "itemValue": "Related topics",
                                        "dataKey": "deviceDetails",
                                        "itemAttributes": {}
                                    },
                                    {
                                        "itemKey": "eligibleforUpgrade",
                                        "itemType": "text",
                                        "itemValue": "Eligible for upgrade",
                                        "itemAttributes": {}
                                    },
                                    {
                                        "itemKey": "manageDeviceBtn",
                                        "itemType": "button",
                                        "itemValue": "Manage ",
                                        "itemAttributes": {},
                                        "actionKey": "manageDeviceAction"
                                    },
                                    {
                                        "itemKey": "addALineBtn",
                                        "itemType": "button",
                                        "itemValue": "Add a line",
                                        "itemAttributes": {},
                                        "actionKey": "addALineAction"
                                    },
                                    {
                                        "itemKey": "getAccessoriesBtn",
                                        "itemType": "button",
                                        "itemValue": "Get accessories for your devices",
                                        "itemAttributes": {},
                                        "actionKey": "getAccessoriesAction"
                                    },
                                    {
                                        "itemKey": "shopADevicetBtn",
                                        "itemType": "button",
                                        "itemValue": "Shop a device",
                                        "itemAttributes": {},
                                        "actionKey": "shopADevicetAction"
                                    },
                                    {
                                        "itemKey": "managePlanBtn",
                                        "itemType": "button",
                                        "itemValue": "Manage plan",
                                        "itemAttributes": {},
                                        "actionKey": "managePlanAction"
                                    },
                                    {
                                        "itemKey": "bringDeviceBtn",
                                        "itemType": "button",
                                        "itemValue": "Bring your own device",
                                        "itemAttributes": {},
                                        "actionKey": "bringDeviceAction"
                                    },
                                    {
                                        "itemKey": "activateDeviceBtn",
                                        "itemType": "button",
                                        "itemValue": "Activate your own devices",
                                        "itemAttributes": {},
                                        "actionKey": "activateDeviceAction"
                                    },
                                    {
                                        "itemKey": "review5gCoverageBtn",
                                        "itemType": "button",
                                        "itemValue": "Review 5G Coverage Map",
                                        "itemAttributes": {},
                                        "actionKey": "review5gCoverageAction"
                                    },
                                    {
                                        "itemKey": "upgradeDeviceBtn",
                                        "itemType": "button",
                                        "itemValue": "Upgrade",
                                        "itemAttributes": {},
                                        "actionKey": "upgradeDeviceAction"
                                    },
                                    {
                                        "itemKey": "remainingBalanceText",
                                        "itemType": "text",
                                        "itemValue": "Remaining balance of $",
                                        "itemAttributes": {}
                                    },
                                    {
                                        "itemKey": "manageNumberShareBtn",
                                        "itemType": "button",
                                        "itemValue": "Manage number share",
                                        "itemAttributes": {},
                                        "actionKey": "manageConnectedDevicesAction"
                                    },
                                    {
                                        "itemKey": "checkNetworkCompatibiltyBtn",
                                        "itemType": "button",
                                        "itemValue": "Check Network Compatibility",
                                        "itemAttributes": {},
                                        "actionKey": "checkNetworkCompatibiltyAction"
                                    },
                                    {
                                        "itemKey": "deviceSuspended",
                                        "itemType": "text",
                                        "itemValue": "Suspended",
                                        "itemAttributes": {}
                                    },
                                    {
                                        "itemKey": "pendingLineChangeText",
                                        "itemType": "text",
                                        "itemValue": "Pending Line Changes",
                                        "itemAttributes": {}
                                    },
                                    {
                                        "itemKey": "deviceSuspendedReconnect",
                                        "itemType": "button",
                                        "itemValue": "Re-connect",
                                        "itemAttributes": {},
                                        "actionKey": "reconnecAction"
                                    },
                                    {
                                        "itemKey": "secondNumber",
                                        "itemType": "text",
                                        "itemValue": "(Second Number)",
                                        "itemAttributes": {}
                                    },
                                    {
                                        "itemKey": "addLineText",
                                        "itemType": "text",
                                        "itemValue": "Get a phone on us with a new line.",
                                        "itemAttributes": {}
                                    },
                                    {
                                        "itemKey": "addLineButton",
                                        "itemType": "button",
                                        "itemValue": "Shop phones",
                                        "itemAttributes": {},
                                        "actionKey": "addLineAction"
                                    },
                                    {
                                        "itemKey": "troubleshootDeviceBtn",
                                        "itemType": "button",
                                        "itemValue": "Troubleshoot",
                                        "itemAttributes": {},
                                        "actionKey": "troubleshootDeviceAction"
                                    },
                                    {
                                        "itemKey": "pearlSubHeaderText",
                                        "itemType": "text",
                                        "itemValue": "Easily manage your device or review your plan.",
                                        "itemAttributes": {}
                                    },
                                    {
                                        "itemKey": "pearlTrialBtn",
                                        "itemType": "button",
                                        "itemValue": "Join now",
                                        "itemAttributes": {},
                                        "actionKey": "pearlTrialPlanAction"
                                    },
                                    {
                                        "itemKey": "pearlTrialReviewPlanBtn",
                                        "itemType": "button",
                                        "itemValue": "Review Plan",
                                        "itemAttributes": {},
                                        "actionKey": "pearlTrialAction"
                                    },
                                    {
                                        "itemKey": "pearlHeaderText",
                                        "itemType": "text",
                                        "itemValue": "Keep tabs on your device.",
                                        "itemAttributes": {}
                                    },
                                    {
                                        "itemKey": "gotoCoverageMapBtn",
                                        "itemType": "button",
                                        "itemValue": "Go to our coverage Map",
                                        "itemAttributes": {},
                                        "actionKey": "review5gCoverageAction"
                                    },
                                    {
                                        "itemKey": "gotoCoverageBtn",
                                        "itemType": "button",
                                        "itemValue": "Go to our coverage Map",
                                        "itemAttributes": {},
                                        "actionKey": "review5gCoverageAction"
                                    },
                                    {
                                        "itemKey": "SIMFreezeNotificationTitle",
                                        "itemType": "text",
                                        "itemValue": "Upgrades are blocked until <unfreeze timestamp>.",
                                        "itemAttributes": {}
                                    },
                                    {
                                        "itemKey": "SIMFreezeNotificationDesc",
                                        "itemType": "text",
                                        "itemValue": "For your security, disabling SIM Protection may take up to <thaw threshold> minutes and is still in progress.",
                                        "itemAttributes": {}
                                    },
                                    {
                                        "itemKey": "SIMFreezePopupTitleText",
                                        "itemType": "text",
                                        "itemValue": "You cannot upgrade or change device with SIM Protection on.",
                                        "itemAttributes": {}
                                    },
                                    {
                                        "itemKey": "SIMFreezePopupDescText1",
                                        "itemType": "text",
                                        "itemValue": "SIM Protection is currently enabled on this mobile number. Please disable SIM Protection before you activate another device.",
                                        "itemAttributes": {}
                                    },
                                    {
                                        "itemKey": "SIMFreezePopupDescText2",
                                        "itemType": "text",
                                        "itemValue": "For your security, disabling SIM Protection will take <thaw threshold> minutes. During this time, upgrades and device changes will still be blocked.",
                                        "itemAttributes": {}
                                    },
                                    {
                                        "itemKey": "SIMFreezeSettingBtnText",
                                        "itemType": "button",
                                        "itemValue": "Go to SIM Protection settings",
                                        "itemAttributes": {},
                                        "actionKey": "SIMFreezeSettingBtnAction"
                                    },
                                    {
                                        "itemKey": "reviewPlanBtn",
                                        "itemType": "button",
                                        "itemValue": "Review plan",
                                        "itemAttributes": {},
                                        "actionKey": "managePlanAction"
                                    }
                                ]
                            }
                        ],
                        "data": {
                            "mobileDeviceList": [
                                {
                                    "mtn": "6312528352",
                                    "displayMtn": "631-252-8352",
                                    "networkBandwidthType": "",
                                    "encryptedMtnAES": "b8vAz2vqPifp49Mf75BL430oyBwV9HCXll1QCnr6nmg=",
                                    "encryptedMtnDES": "lZ7m74ttIuv6tlqaqaJ0yg%3D%3D",
                                    "mtnStatus": "A",
                                    "deviceName": "JOSEPH PHILLIPS",
                                    "userRole": "Manager",
                                    "device4G": false,
                                    "device5GE": true,
                                    "device5GA": false,
                                    "smartPhone": true,
                                    "basicPhone": false,
                                    "displayDeviceCategory": "5G Smartphone",
                                    "suspendedWithBilling": false,
                                    "suspendedWithoutBilling": false,
                                    "hasPendingOrder": false,
                                    "hasPendingMoveOrder": false,
                                    "isMtnSuspended": false,
                                    "isSuspendResumed": false,
                                    "deviceId": "357335100281913",
                                    "hasPayOffBalance": false,
                                    "fiveGCapable": false,
                                    "cdmaRestricted": false,
                                    "dataOnlyCapableDevice": false,
                                    "upgradeEligible": true,
                                    "images": {
                                        "defaultImage": "https://ss7.vzw.com/is/image/VerizonWireless/Samsung-S10-5G-Majestic-Black",
                                        "largeImage": "https://ss7.vzw.com/is/image/VerizonWireless/Samsung-S10-5G-Majestic-Black?$device-lg$",
                                        "mediumImage": "https://ss7.vzw.com/is/image/VerizonWireless/Samsung-S10-5G-Majestic-Black?$device-med$",
                                        "miniImage": "https://ss7.vzw.com/is/image/VerizonWireless/Samsung-S10-5G-Majestic-Black?$device-mini$",
                                        "thumbImage": "https://ss7.vzw.com/is/image/VerizonWireless/Samsung-S10-5G-Majestic-Black?$device-thumb$"
                                    },
                                    "router": false,
                                    "isRouter": false,
                                    "isOutstandingBalance": false,
                                    "checkNetworkCompatibiltyText": true,
                                    "pendingLineChange": false,
                                    "deviceCategory": "phone",
                                    "networkExtender": false,
                                    "skuId": "SMG977UZAV",
                                    "hasNumberShare": false,
                                    "secondMtn": "",
                                    "isSecondNumber": false,
                                    "pearlTrialFlow": false,
                                    "simFreezeInfo": {
                                        "simFreezeCode": "N",
                                        "simUnfreezeTimeStamp": "",
                                        "simFreezeDuration": "15",
                                        "isBlocked": "N",
                                        "simFreezeDetails": "QQ"
                                    }
                                },
                                {
                                    "mtn": "6313006334",
                                    "displayMtn": "631-300-6334",
                                    "networkBandwidthType": "",
                                    "encryptedMtnAES": "x4Eu9MKDfgmfXd1EuwIkYFYjxJ1tRs50INRfnETJchI=",
                                    "encryptedMtnDES": "qZC6%2FnkOVVvrzCIqJmnx%2BA%3D%3D",
                                    "mtnStatus": "A",
                                    "deviceName": "JACK PHILLIPS",
                                    "userRole": "Non Registered",
                                    "device4G": false,
                                    "device5GE": false,
                                    "device5GA": false,
                                    "smartPhone": true,
                                    "basicPhone": false,
                                    "displayDeviceCategory": "4G Smartphone",
                                    "suspendedWithBilling": false,
                                    "suspendedWithoutBilling": false,
                                    "hasPendingOrder": false,
                                    "hasPendingMoveOrder": false,
                                    "isMtnSuspended": false,
                                    "isSuspendResumed": false,
                                    "deviceId": "352178100585775",
                                    "hasPayOffBalance": false,
                                    "fiveGCapable": false,
                                    "cdmaRestricted": false,
                                    "dataOnlyCapableDevice": false,
                                    "upgradeEligible": true,
                                    "images": {
                                        "defaultImage": "https://ss7.vzw.com/is/image/VerizonWireless/mototola-moto-e6-postpaid",
                                        "largeImage": "https://ss7.vzw.com/is/image/VerizonWireless/mototola-moto-e6-postpaid?$device-lg$",
                                        "mediumImage": "https://ss7.vzw.com/is/image/VerizonWireless/mototola-moto-e6-postpaid?$device-med$",
                                        "miniImage": "https://ss7.vzw.com/is/image/VerizonWireless/mototola-moto-e6-postpaid?$device-mini$",
                                        "thumbImage": "https://ss7.vzw.com/is/image/VerizonWireless/mototola-moto-e6-postpaid?$device-thumb$"
                                    },
                                    "router": false,
                                    "isRouter": false,
                                    "isOutstandingBalance": false,
                                    "checkNetworkCompatibiltyText": true,
                                    "pendingLineChange": false,
                                    "deviceCategory": "phone",
                                    "networkExtender": false,
                                    "skuId": "MOTXT20051",
                                    "hasNumberShare": false,
                                    "secondMtn": "",
                                    "isSecondNumber": false,
                                    "pearlTrialFlow": false,
                                    "simFreezeInfo": {
                                        "simFreezeCode": "N",
                                        "simUnfreezeTimeStamp": "",
                                        "simFreezeDuration": "15",
                                        "isBlocked": "N",
                                        "simFreezeDetails": "QQ"
                                    }
                                },
                                {
                                    "mtn": "6316627648",
                                    "displayMtn": "631-662-7648",
                                    "networkBandwidthType": "",
                                    "encryptedMtnAES": "4qIye2IYsyA9g6Cw0gxLfgO85lkYQ0LD7lMDrqessI4=",
                                    "encryptedMtnDES": "GmYhFKjzix9czPNqK3Gdfw%3D%3D",
                                    "mtnStatus": "A",
                                    "deviceName": "BEN PHILLIPS",
                                    "userRole": "Non Registered",
                                    "device4G": false,
                                    "device5GE": true,
                                    "device5GA": false,
                                    "smartPhone": true,
                                    "basicPhone": false,
                                    "displayDeviceCategory": "5G Smartphone",
                                    "suspendedWithBilling": false,
                                    "suspendedWithoutBilling": false,
                                    "hasPendingOrder": false,
                                    "hasPendingMoveOrder": false,
                                    "isMtnSuspended": false,
                                    "isSuspendResumed": false,
                                    "deviceId": "351335410559905",
                                    "hasPayOffBalance": false,
                                    "fiveGCapable": false,
                                    "cdmaRestricted": false,
                                    "dataOnlyCapableDevice": false,
                                    "upgradeEligible": false,
                                    "images": {
                                        "defaultImage": "https://ss7.vzw.com/is/image/VerizonWireless/apple-iphone-15-128gb-pink-mtlw3ll-a-a",
                                        "largeImage": "https://ss7.vzw.com/is/image/VerizonWireless/apple-iphone-15-128gb-pink-mtlw3ll-a-a?$device-lg$",
                                        "mediumImage": "https://ss7.vzw.com/is/image/VerizonWireless/apple-iphone-15-128gb-pink-mtlw3ll-a-a?$device-med$",
                                        "miniImage": "https://ss7.vzw.com/is/image/VerizonWireless/apple-iphone-15-128gb-pink-mtlw3ll-a-a?$device-mini$",
                                        "thumbImage": "https://ss7.vzw.com/is/image/VerizonWireless/apple-iphone-15-128gb-pink-mtlw3ll-a-a?$device-thumb$"
                                    },
                                    "router": false,
                                    "isRouter": false,
                                    "isOutstandingBalance": false,
                                    "checkNetworkCompatibiltyText": true,
                                    "pendingLineChange": false,
                                    "deviceCategory": "phone",
                                    "networkExtender": false,
                                    "skuId": "MTLW3LL/A",
                                    "hasNumberShare": false,
                                    "secondMtn": "",
                                    "isSecondNumber": false,
                                    "pearlTrialFlow": false,
                                    "simFreezeInfo": {
                                        "simFreezeCode": "N",
                                        "simUnfreezeTimeStamp": "",
                                        "simFreezeDuration": "15",
                                        "isBlocked": "N",
                                        "simFreezeDetails": "QQ"
                                    }
                                },
                                {
                                    "mtn": "6316627650",
                                    "displayMtn": "631-662-7650",
                                    "networkBandwidthType": "",
                                    "encryptedMtnAES": "OWdJ2qRP6eouGzC8icwrbuvXnrqsCHHgOfzk9WYzhE4=",
                                    "encryptedMtnDES": "GmYhFKjzix%2BFUgwlk4%2Bq7A%3D%3D",
                                    "mtnStatus": "A",
                                    "deviceName": "BEN PHILLIPS",
                                    "userRole": "Non Registered",
                                    "device4G": false,
                                    "device5GE": true,
                                    "device5GA": false,
                                    "smartPhone": true,
                                    "basicPhone": false,
                                    "displayDeviceCategory": "5G Smartphone",
                                    "suspendedWithBilling": false,
                                    "suspendedWithoutBilling": false,
                                    "hasPendingOrder": false,
                                    "hasPendingMoveOrder": false,
                                    "isMtnSuspended": false,
                                    "isSuspendResumed": false,
                                    "deviceId": "353075110668576",
                                    "hasPayOffBalance": false,
                                    "fiveGCapable": false,
                                    "cdmaRestricted": false,
                                    "dataOnlyCapableDevice": false,
                                    "upgradeEligible": true,
                                    "images": {
                                        "defaultImage": "https://ss7.vzw.com/is/image/VerizonWireless/iphone-12-pro-pacific-blue",
                                        "largeImage": "https://ss7.vzw.com/is/image/VerizonWireless/iphone-12-pro-pacific-blue?$device-lg$",
                                        "mediumImage": "https://ss7.vzw.com/is/image/VerizonWireless/iphone-12-pro-pacific-blue?$device-med$",
                                        "miniImage": "https://ss7.vzw.com/is/image/VerizonWireless/iphone-12-pro-pacific-blue?$device-mini$",
                                        "thumbImage": "https://ss7.vzw.com/is/image/VerizonWireless/iphone-12-pro-pacific-blue?$device-thumb$"
                                    },
                                    "router": false,
                                    "isRouter": false,
                                    "isOutstandingBalance": false,
                                    "checkNetworkCompatibiltyText": true,
                                    "pendingLineChange": false,
                                    "deviceCategory": "phone",
                                    "networkExtender": false,
                                    "skuId": "MGK93LL/A",
                                    "hasNumberShare": false,
                                    "secondMtn": "",
                                    "isSecondNumber": false,
                                    "pearlTrialFlow": false,
                                    "simFreezeInfo": {
                                        "simFreezeCode": "N",
                                        "simUnfreezeTimeStamp": "",
                                        "simFreezeDuration": "15",
                                        "isBlocked": "N",
                                        "simFreezeDetails": "QQ"
                                    }
                                }
                            ],
                            "fiveGDeviceList": [],
                            "checkNetworkCompatibiltyText": true,
                            "deviceLandingLinks": {
                                "addALineBtn": true,
                                "getAccessoriesBtn": true,
                                "shopADevicetBtn": true,
                                "reviewPlanBtn": false,
                                "activateDeviceBtn": true,
                                "managePlanBtn": true,
                                "bringDeviceBtn": true,
                                "troubleshootDeviceBtn": true
                            }
                        }
                    }
                ]
            }
        ],
        "usageNewLandingFlag": false,
        "updateNickNameFlag": false,
        "deceasedFlag": false
    }
}