{
        "recommendedDevices": [
        {
            "sorId": "MU683LL/A",
            "mtn": "2404445510",
            "currentDeviceBrandName": "Apple",
            "currentDeviceName": "iPhone 14 Plus",
            "currentDeviceNickName": "BLOSSOM",
            "offerId": "597967",
            "deviceId": "dev21410696",
            "offerAmount": 1000,
            "simId": "UNIVESIM5G-SAB-S",
            "imageUrl": "https://ss7.vzw.com/is/image/VerizonWireless/apple-iphone-15-pro-max-256gb-natural-titanium-mu683ll-a-a",
            "productDisplayName": "iPhone 15 Pro Max",
            "recommendedDeviceURL": "smartphones/apple-iphone-15-pro-max/",
            "promotionId": "promo4372504",
            "promoType": "TRADEIN_PROMO",
            "restricted": "Y",
            "startDateTime": "09-09-2022 07:58:00 AM",
            "processingMTN": "7325402208",
            "isQuickCartEnabled": false,
            "showRecommendedPlan": false,
            "isStrategicOffer": true
        },
        {
            "sorId": "MU683LL/A",
            "mtn": "2404445510",
            "currentDeviceBrandName": "Apple",
            "currentDeviceName": "iPhone 14 Plus",
            "currentDeviceNickName": "BLOSSOM",
            "offerId": "597967",
            "deviceId": "dev21410696",
            "offerAmount": 1000,
            "simId": "UNIVESIM5G-SAB-S",
            "imageUrl": "https://ss7.vzw.com/is/image/VerizonWireless/apple-iphone-15-pro-max-256gb-natural-titanium-mu683ll-a-a",
            "productDisplayName": "iPhone 15 Pro Max",
            "recommendedDeviceURL": "smartphones/apple-iphone-15-pro-max/",
            "promotionId": "promo4372504",
            "promoType": "TRADEIN_PROMO",
            "restricted": "Y",
            "startDateTime": "09-09-2022 07:58:00 AM",
            "processingMTN": "7325402209",
            "isQuickCartEnabled": true,
            "showRecommendedPlan": false,
            "isStrategicOffer": true
        }
    ]
}
