{
    "responseInfo": {
        "timeStamp": "19-07-2024 06:07:37",
        "correlationId": "2f0531b9-1944-4bd0-922d-63484c1a1db2-998563",
        "responseCode": "00",
        "responseMessage": "SUCCESS",
        "sectionErrors": []
    },
    "body": {
        "data": {
            "ctaUrl": "/digital/nsa/secure/ui/support/network-events",
            "eventId": "308819",
            "jsonPayloadDateTime": "07/21/2024 - 10:45 AM",
            "ctaAction": "##NSA_HOST##/digital/nsa/secure/ui/support/network-events",
            "topMessage": "Network disruption detected",
            "pegaCards": [
                {
                    "rank": "1",
                    "cardId": "OID2050",
                    "propositionId": "NB_8548",
                    "soiEngagementId": "501093688",
                    "tacticLocation": "MVO_Device_Overview",
                    "ctaReference": "",
                    "dispositionOptionId": "",
                    "category": "Snackbar",
                    "pegaSessionId": "571088306061652538"
                }
            ],
            "ctaTextLabel": "Go to network status",
            "message": "An outage might be affecting you."
        }
    }
}