{
  "responseInfo": {
      "timeStamp": "15-09-2023 03:58:14",
      "correlationId": "e28b51a8-5b48-46fe-8904-83c1cdc00b84-20424113",
      "responseCode": "00",
      "responseMessage": "SUCCESS",
      "sectionErrors": []
  },
  "body": {
      "controls": {
          "1": "Protect your account from fraudulent access with Two Factor Authentication",
          "2": "vzwi.mvmapp.LinkName:Protect your account from fraudulent access with Two Factor Authentication"
      },
      "cta": [
          {
              "linkHeader": "Manage settings",
              "linkUrl": "https://myvpostpay.verizon.com/ui/acct/secure/profile/security/enhancedauth"
          }
      ],
      "pegaCards": {
          "rank": "1",
          "cardId": "NID48",
          "propositionId": "LA_84",
          "soiEngagementId": "501004395",
          "tacticLocation": "MVO_Device_Overview",
          "ctaReference": "",
          "dispositionOptionId": "81",
          "category": "Alerts",
          "pegaSessionId": "-1399554462368057025"
      }
  }
}