{
    "responseInfo": {
        "timeStamp": "24-04-2024 11:14:19",
        "correlationId": "",
        "responseCode": "00",
        "responseMessage": "SUCCESS",
        "sectionErrors": []
    },
    "body": {
        "recommendedDevice": [
            {
                "processingMTN": "7705373724",
				"sorId": "MGF53LL/A",
            	"offerId": "1234",
				"deviceId": "dev21410694",
				"offerAmount": "200"
            },
            {
                "processingMTN": "7702629053",
				"sorId": "MGF53LL/A",
            	"offerId": "4567",
				"deviceId": "dev21411188",
				"offerAmount": "200"
            },
            {
                "processingMTN": "7702628990",
				"sorId": "MGF53LL/A",
            	"offerId": "8910",
				"deviceId": "dev21410694",
				"offerAmount": "200"
            }
        ]
    }
}
