{
    "responseInfo": {
        "timeStamp": "16-01-2025 12:21:31",
        "correlationId": "",
        "responseCode": "00",
        "responseMessage": "SUCCESS",
        "sectionErrors": []
    },
    "body": {
        "pageAttributes": [
            {
                "itemKey": "pageTitle",
                "itemValue": "Call filter",
                "itemAttributes": {}
            },
            {
                "itemKey": "hashedAccountNumber",
                "itemValue": "##HASHED_ACCTNO##",
                "itemType": "text",
                "itemAttributes": {}
            },
            {
                "itemKey": "hashedMdn",
                "itemValue": "##HASHED_MDN##",
                "itemType": "text",
                "itemAttributes": {}
            }
        ],
        "sections": [
            {
                "sectionIndex": "0",
                "sectionId": "devicesCallFilterMainSection",
                "sectionType": "devicesCallFilterMainSection",
                "sectionComponentId": "GenericComponent",
                "sections": [
                    {
                        "sectionIndex": "2",
                        "sectionId": "devicesCFReportPageSection",
                        "sectionType": "deviceCFReportSection",
                        "actions": [
                            {
                                "actionType": "route",
                                "actionValue": "/confirmation",
                                "actionKey": "reportAction",
                                "clickStream": "report-btn"
                            },
                            {
                                "actionType": "route",
                                "actionKey": "cancelAction",
                                "clickStream": "cancel-btn"
                            }
                        ],
                        "contents": [
                            {
                                "contentIndex": "0",
                                "contentType": "callFilterReportPageContent",
                                "items": [
                                    {
                                        "itemKey": "title",
                                        "itemType": "text",
                                        "itemValue": "Report this number?",
                                        "itemAttributes": {}
                                    },
                                    {
                                        "itemKey": "description",
                                        "itemType": "text",
                                        "itemValue": "We use the information you report, including comments and tags, to improve the accuracy of our service.",
                                        "itemAttributes": {}
                                    },
                                    {
                                        "itemKey": "comment",
                                        "itemType": "text",
                                        "itemValue": "Leave a comment (optional)",
                                        "itemAttributes": {}
                                    },
                                    {
                                        "itemKey": "comment",
                                        "itemType": "text",
                                        "itemValue": "Comment",
                                        "itemAttributes": {}
                                    },
                                    {
                                        "itemKey": "comment_desc",
                                        "itemType": "text",
                                        "itemValue": "Why are you reporting this number? Use # to tag keywords like #scam or #phishing.",
                                        "itemAttributes": {}
                                    },
                                    {
                                        "itemKey": "bannermsg_failure",
                                        "itemType": "text",
                                        "itemValue": "Your changes cannot be saved due to system error. Please try again later.",
                                        "itemAttributes": {}
                                    },
                                    {
                                        "itemKey": "mdnHeading",
                                        "itemType": "text",
                                        "itemValue": "Enter a number",
                                        "itemAttributes": {}
                                    },
                                    {
                                        "itemKey": "spamHeading",
                                        "itemType": "text",
                                        "itemValue": "Call type",
                                        "itemAttributes": {}
                                    },
                                    {
                                        "itemKey": "subHeading",
                                        "itemType": "text",
                                        "itemValue": "We use this information you share to improve spam filter accuracy.",
                                        "itemAttributes": {}
                                    },
                                    {
                                        "itemKey": "reportBtn",
                                        "itemType": "button",
                                        "itemValue": "Report",
                                        "itemAttributes": {},
                                        "actionKey": "reportAction"
                                    },
                                    {
                                        "itemKey": "cancelBtn",
                                        "itemType": "button",
                                        "itemValue": "Cancel",
                                        "itemAttributes": {},
                                        "actionKey": "cancelAction"
                                    },
                                    {
                                        "itemKey": "backBtn",
                                        "itemType": "Link",
                                        "itemValue": "Back",
                                        "itemAttributes": {},
                                        "actionKey": "BackAction"
                                    }
                                ]
                            }
                        ],
                        "data": {
                            "spamCategoryList": [
                                {
                                    "label": "Scammer",
                                    "value": "scam-fraud"
                                },
                                {
                                    "label": "Debt Collection",
                                    "value": "debtcollector"
                                },
                                {
                                    "label": "Telemarketer",
                                    "value": "telemarketer-sales"
                                },
                                {
                                    "label": "Survey",
                                    "value": "survey"
                                },
                                {
                                    "label": "Donations",
                                    "value": "fundraiser-charity"
                                },
                                {
                                    "label": "Caller hung up",
                                    "value": "hangup-deadair"
                                },
                                {
                                    "label": "Not spam",
                                    "value": "not-spam"
                                },
                                {
                                    "label": "Other",
                                    "value": "other"
                                }
                            ]
                        }
                    }
                ]
            }
        ],
        "usageNewLandingFlag": false,
        "updateNickNameFlag": false,
        "deceasedFlag": false
    }
}