{
  "responseInfo": {
    "timeStamp": "11-08-2023 07:48:23",
    "correlationId": "",
    "responseCode": "00",
    "responseMessage": "SUCCESS",
    "sectionErrors": []
  },
  "body": {
    "pageId": "callFilterReportConfirmation",
    "pageAttributes": [
      {
        "itemKey": "pageTitle",
        "itemValue": "Call filter"
      },
      {
        "itemKey": "hashedAccountNumber",
        "itemValue": "f3c5c52290c3950bf248f23f173bcaf34cfcdb01cebee86350a5e0a9aa407016",
        "itemType": "text"
      },
      {
        "itemKey": "hashedMdn",
        "itemValue": "d5c6b665a7c87ca9b7e5ee4f43e557b70480f516b68167f926e448a1b8e6885b",
        "itemType": "text"
      }
    ],
    "sections": [
      {
        "sectionIndex": "0",
        "sectionId": "devicesCallFilterMainSection",
        "sectionType": "devicesCallFilterMainSection",
        "sectionComponentId": "",
        "sections": [
          {
            "sectionIndex": "3",
            "sectionId": "devicesCFReportConfirmationPageSection",
            "sectionType": "deviceCFReportConfirmationSection",
            "actions": [
              {
                "actionKey": "backAction",
                "actionValue": "/",
                "actionType": "route",
                "clickstream": "back-btn"
              }
            ],
            "contents": [
              {
                "contentIndex": "0",
                "contentType": "callFilterReportConfirmationPageContent",
                "items": [
                  {
                    "itemKey": "title",
                    "itemType": "text",
                    "itemValue": "Thanks for your report.",
                    "itemAttributes": {}
                  },
                  {
                    "itemKey": "description",
                    "itemType": "text",
                    "itemValue": "Your report will help improve Call Filter. Reports are only one factor used to determine if a call is spam. So, your report might not immediately change how this call is identified.",
                    "itemAttributes": {}
                  },
                  {
                    "itemKey": "backBtn",
                    "itemType": "button",
                    "itemValue": "Back to Call Filter",
                    "actionKey": "backAction"
                  }
                ]
              }
            ]
          }
        ]
      }
    ]
  }
}