{
    "responseInfo": {
        "timeStamp": "11-10-2024 12:23:17",
        "correlationId": "Blocks Devices",
        "responseCode": "00",
        "responseMessage": "SUCCESS",
        "sectionErrors": []
    },
    "body": {
        "pageAttributes": [
            {
                "itemKey": "pageTitle",
                "itemValue": "Devices blocks"
            },
            {
                "itemKey": "hashedAccountNumber",
                "itemValue": "##HASHED_ACCTNO##",
                "itemType": "text"
            },
            {
                "itemKey": "hashedMdn",
                "itemValue": "##HASHED_MDN##",
                "itemType": "text"
            }
        ],
        "sections": [
            {
                "sectionIndex": "0",
                "sectionId": "devicesBlocksMainSection",
                "sectionType": "devicesBlocksMainSection",
                "sectionComponentId": "GenericComponent",
                "sections": [
                    {
                        "sectionIndex": "1",
                        "sectionId": "devicesBlocksAdvCtrlsPageSection",
                        "sectionType": "advancedControlsSection",
                        "contents": [
                            {
                                "contentIndex": "0",
                                "items": [
                                    {
                                        "itemKey": "controlsHeader",
                                        "itemType": "text",
                                        "itemValue": "Advanced Controls",
                                        "itemAttributes": {},
                                        "actionKey": "advanceControls"
                                    }
                                ]
                            }
                        ],
                        "data": {
                            "advanceControls": [
                                {
                                    "caretMsg": "Manage Call Filter",
                                    "headerText": "Put an end to mystery calls.",
                                    "titleText": "Call Filter",
                                    "isFeatureAvailable": "N",
                                    "description": "Call Filter identifies unknown numbers by name or as spam and automatically blocks unwanted calls based on risk level.",
                                    "url": "https://vzwqa1.verizonwireless.com/solutions-and-services/call-filter/"
                                }
                            ]
                        }
                    },
                    {
                        "sectionIndex": "2",
                        "sectionId": "devicesBlockDetailsPageSection",
                        "sectionType": "blockDetailsSection",
                        "actions": [
                            {
                                "actionType": "route",
                                "actionValue": "/",
                                "actionKey": "seeAllDevicesAction",
                                "clickStream": "see-all-devices-cta"
                            },
                            {
                                "actionType": "modal",
                                "actionValue": "devicesBlocksAppleModalSection",
                                "actionKey": "appleModalAction",
                                "clickStream": "see-all-devices-cta"
                            }
                        ],
                        "contents": [
                            {
                                "contentIndex": "0",
                                "items": [
                                    {
                                        "itemKey": "headerText",
                                        "itemType": "text",
                                        "itemValue": "Now, let's manage blocks for this device.",
                                        "itemAttributes": {}
                                    },
                                    {
                                        "itemKey": "selectServiceText",
                                        "itemType": "text",
                                        "itemValue": "Select a section below to get started. All changes are automatically saved.",
                                        "dataKey": "devices",
                                        "itemAttributes": {}
                                    },
                                    {
                                        "itemKey": "deviceDisabledText",
                                        "itemType": "text",
                                        "itemValue": "Devices disabled",
                                        "itemAttributes": {}
                                    },
                                    {
                                        "itemKey": "seeAllDevicesBtn",
                                        "itemType": "button",
                                        "itemValue": "See all devices",
                                        "itemAttributes": {},
                                        "actionKey": "seeAllDevicesAction"
                                    },
                                    {
                                        "itemKey": "appleModalLink",
                                        "itemType": "link",
                                        "itemValue": "Click here",
                                        "itemAttributes": {},
                                        "actionKey": "appleModalAction"
                                    },
                                    {
                                        "itemKey": "dataOnlyMessage",
                                        "itemType": "text",
                                        "itemValue": "This type of device does not receive calls or standard texts (SMS/MMS). The mobile phone number is for data configuration purposes.",
                                        "itemAttributes": {}
                                    },
                                    {
                                        "itemKey": "familyBaseMessage",
                                        "itemType": "text",
                                        "itemValue": "You can block number using your Verizon Smart Family&#8482; product.",
                                        "itemAttributes": {
                                            "baseUrl": "http://localhost:9088/ui/ntwk/fb",
                                            "baseUrlMsg": "Visit Verizon Smart Family&#8482."
                                        }
                                    },
                                    {
                                        "itemKey": "appleDeviceMessage",
                                        "itemType": "html",
                                        "itemValue": "<strong>Apple iMessage note:</strong> Apple iMessage won't be blocked. To learn how to disable iMessages",
                                        "itemAttributes": {}
                                    },
                                    {
                                        "itemKey": "trackingDeviceMessage",
                                        "itemType": "text",
                                        "itemValue": "This type of device does not receive calls or standard texts (SMS/MMS). The mobile phone number is for data configuration purposes.",
                                        "itemAttributes": {}
                                    },
                                    {
                                        "itemKey": "callsMessagesHeader",
                                        "itemType": "text",
                                        "itemValue": "Block calls & messages",
                                        "itemAttributes": {}
                                    },
                                    {
                                        "itemKey": "servicesHeader",
                                        "itemType": "text",
                                        "itemValue": "Block services",
                                        "itemAttributes": {}
                                    }
                                ]
                            }
                        ],
                        "data": {
                            "showAdvanceControls": false,
                            "pendingOrder": false,
                            "isFamilyBase": true,
                            "isDataOnlyPlan": true,
                            "isTrackingDevice": false,
                            "showServices": false,
                            "isAppleDevice": false
                        }
                    }
                ]
            }
        ]
    }
}