{
    "responseInfo": {
        "timeStamp": "31-12-2024 04:16:26",
        "correlationId": "Blocks Devices",
        "responseCode": "00",
        "responseMessage": "SUCCESS",
        "sectionErrors": []
    },
    "body": {
        "remainingBlockCount": 4,
        "addedBlockCount": 1,
        "blockExpireTimeInDays": "90",
        "blockedPhoneNumbers": [
            {
                "phoneNumber": "3202820828",
                "oldPhoneNumber": "3202820827"
            },
            {
                "phoneNumber": "3202820828"
            }
        ],
        "expiredBlockedPhoneNumbers": [
            {
                "phoneNumber": "3202820828",
                "oldPhoneNumber": "3202820827"
            },
            {
                "phoneNumber": ""
            }
        ],
        "hasSuccessMsg": false,
        "hasFailureMsg": false,
        "successMsg": "",
        "failureMsg": "",
        "powerCycle": false
    }
}