{
    "responseInfo": {
        "timeStamp": "20-12-2024 12:56:24",
        "correlationId": "Blocks Devices",
        "responseCode": "00",
        "responseMessage": "SUCCESS",
        "sectionErrors": []
    },
    "body": {
        "mtn": "mdn",
        "flowName": "flowName",
        "statusCode": "00",
        "emailsDomainsRequest": {
            "mdn": "mdn",
            "blockedSiteName": "blockedSiteName",
            "blockedSiteMemo": "blockedSiteMemo",
            "blockedSiteAction": "blockedSiteAction",
            "applyAll": true,
            "blockMessagesFromWeb": true,
            "blockMessagesFromEmail": true,
            "userProfileCoherenceKey": "userProfileCoherenceKey",
            "serviceCacheCoherenceKey": "serviceCacheCoherenceKey",
            "blockedOldSiteMemo": "blockedOldSiteMemo",
            "blockedOldSiteName": "blockedOldSiteName"
        },
        "emailsDomainsResponse": {
            "currentSpamCount": 0,
            "remainingSpamCount": 0,
            "blockedSites": [],
            "blockMessagesFromWeb": false,
            "blockMessagesFromEmail": false,
            "hasSuccessMsg": false,
            "hasFailureMsg": false
        },
        "spamBlockingList": [
            {
                "blockedSiteName": "blockedSiteName",
                "blockedOldSiteName": "blockedOldSiteName",
                "blockedSiteMemo": "blockedSiteMemo",
                "blockedOldSiteMemo": "blockedOldSiteMemo",
                "blockedSiteAction": "blockedSiteAction"
            },
            {
                "blockedSiteName": "blockedSiteName1",
                "blockedOldSiteName": "blockedOldSiteName1",
                "blockedSiteMemo": "blockedSiteMemo1",
                "blockedOldSiteMemo": "blockedOldSiteMemo1",
                "blockedSiteAction": "blockedSiteAction1"
            }
        ],
        "blockedSites": [],
        "currentSpamCount": 5,
        "remainingSpamCount": 15,
        "blockMessagesFromWeb": true,
        "blockMessagesFromEmail": true,
        "updateServiceCache": true,
        "serviceCacheCoherenceKey": "serviceCacheCoherenceKey",
        "coherenceKey": "coherenceKey",
        "successMtns": [
            {
                "mtn": "mtn",
                "duplicate": false,
                "reachedBlockedNumberMaxSize": false,
                "numberShare": false,
                "pendingOrder": false,
                "dataOnlyPlan": false,
                "familyBase": false
            },
            {
                "mtn": "mtn",
                "duplicate": false,
                "reachedBlockedNumberMaxSize": false,
                "numberShare": false,
                "pendingOrder": false,
                "dataOnlyPlan": false,
                "familyBase": false
            }
        ],
        "errorMtns": [
            {
                "mtn": "mtn",
                "duplicate": false,
                "reachedBlockedNumberMaxSize": false,
                "numberShare": false,
                "pendingOrder": false,
                "dataOnlyPlan": false,
                "familyBase": false
            },
            {
                "mtn": "mtn",
                "duplicate": false,
                "reachedBlockedNumberMaxSize": false,
                "numberShare": false,
                "pendingOrder": false,
                "dataOnlyPlan": false,
                "familyBase": false
            }
        ],
        "pendingOrdersFlag": false,
        "processable": true,
        "applyAll": true,
        "newlyAddedSpam": {
            "blockedSiteName": "blockedSiteName",
            "blockedOldSiteName": "blockedOldSiteName",
            "blockedSiteMemo": "blockedSiteMemo",
            "blockedOldSiteMemo": "blockedOldSiteMemo",
            "blockedSiteAction": "blockedSiteAction"
        },
        "returnCode": 0,
        "spamEntryList": [
            {
                "spamType": "5",
                "spamValue": "1"
            },
            {
                "spamType": "5",
                "spamValue": "2"
            }
        ],
        "devicesVO": {
            "mtn": "mtn",
            "duplicate": false,
            "reachedBlockedNumberMaxSize": false,
            "numberShare": false,
            "pendingOrder": false,
            "dataOnlyPlan": false,
            "familyBase": false
        },
        "hasFailureMsg": false,
        "editSpamEntry": {
            "blockedSiteName": "blockedSiteName",
            "blockedOldSiteName": "blockedOldSiteName",
            "blockedSiteMemo": "blockedSiteMemo",
            "blockedOldSiteMemo": "blockedOldSiteMemo",
            "blockedSiteAction": "blockedSiteAction"
        },
        "currentBlockedSites": [
            {
                "blockedSiteName": "blockedSiteName",
                "blockedOldSiteName": "blockedOldSiteName",
                "blockedSiteMemo": "blockedSiteMemo",
                "blockedOldSiteMemo": "blockedOldSiteMemo",
                "blockedSiteAction": "blockedSiteAction"
            },
            {
                "blockedSiteName": "blockedSiteName1",
                "blockedOldSiteName": "blockedOldSiteName1",
                "blockedSiteMemo": "blockedSiteMemo1",
                "blockedOldSiteMemo": "blockedOldSiteMemo1",
                "blockedSiteAction": "blockedSiteAction1"
            }
        ],
        "oldEntrySpam": {
            "blockedSiteName": "blockedSiteName",
            "blockedOldSiteName": "blockedOldSiteName",
            "blockedSiteMemo": "blockedSiteMemo",
            "blockedOldSiteMemo": "blockedOldSiteMemo",
            "blockedSiteAction": "blockedSiteAction"
        },
        "loggedInMdn": "loggedInMdn",
        "blockedSiteName": "blockedSiteName",
        "blockedSiteMemo": "blockedSiteMemo",
        "blockedSiteAction": "blockedSiteAction",
        "message": "message",
        "deleteSpam": {
            "blockedSiteName": "blockedSiteName",
            "blockedOldSiteName": "blockedOldSiteName",
            "blockedSiteMemo": "blockedSiteMemo",
            "blockedOldSiteMemo": "blockedOldSiteMemo",
            "blockedSiteAction": "blockedSiteAction"
        },
        "blockingRequestList": [
            {
                "blockedSiteName": "blockedSiteName",
                "blockedOldSiteName": "blockedOldSiteName",
                "blockedSiteMemo": "blockedSiteMemo",
                "blockedOldSiteMemo": "blockedOldSiteMemo",
                "blockedSiteAction": "blockedSiteAction"
            },
            {
                "blockedSiteName": "blockedSiteName1",
                "blockedOldSiteName": "blockedOldSiteName1",
                "blockedSiteMemo": "blockedSiteMemo1",
                "blockedOldSiteMemo": "blockedOldSiteMemo1",
                "blockedSiteAction": "blockedSiteAction1"
            }
        ],
        "isSuccessMsg": false,
        "isFailureMsg": false
    }
}