{
  "responseInfo": {
      "timeStamp": "18-12-2024 02:33:21",
      "correlationId": "Blocks Devices",
      "responseCode": "00",
      "responseMessage": "SUCCESS",
      "sectionErrors": []
  },
  "body": {
      "cq": {
          "callsMsgsBlkExpTxt2": "Customers who text your number will receive the reply",
          "callsMsgsBlkExpTxt1": "Customers who call your number will hear",
          "callsMsgsThCol4": "Expiry Date",
          "callsMsgsThCol3": "Actions",
          "callsMsgsExpHeader": "Expired blocked numbers",
          "callsMsgsSpamNote": "Note",
          "callsMsgsNote": "There are no charges for these messages sent to or received from 7726",
          "callsMsgsThCol2": "Memo",
          "callsMsgsThCol1": "Phone Number",
          "callsMsgsSpamTxt": "You may forward the suspected Spam message to SMS short code 7726. Once received, you will receive an SMS requesting a reply with the 'From' address. The result will be a free text message with a 'Thank you' notification and the investigation will begin. You will not receive any further updates once complete.",
          "callsMsgsBlkExpHeader": "What does a blocked contact experience?",
          "callsMessageFailed": "Message Failed.",
          "callsMsgsExpCol1": "Phone Number",
          "callsMsgsFAQLink1": "Block and unblock calls FAQ",
          "callsMsgsApplyAll": "Apply block to all eligible lines on this account",
          "callsMsgsEditAll": "EditAll",
          "callsMsgsVideo": "Video",
          "callsMsgsExpCol2": "Memo",
          "callsMsgsExpCol3": "Actions",
          "callsMsgsBlkExpHear": "Welcome to Verizon Wireless. We're sorry the number you have dialed has calling restrictions that have prevented the completion of your call.",
          "callsMsgsHeader": "Blocked Numbers",
          "callsMsgsVideoTxt": "How to add blocks",
          "callsMsgsEdit": "Edit",
          "callsMsgsSpamTxtHeader": "Report suspected spam text messages"
      },
      "remainingBlockCount": 5,
      "addedBlockCount": 0,
      "blockedPhoneNumbers": [
        {
          "phoneNumber": "3202820828"
      }
      ],
      "expiredBlockedPhoneNumbers": [],
      "hasSuccessMsg": false,
      "hasFailureMsg": false,
      "successMsg": "",
      "failureMsg": "",
      "powerCycle": false
  }
}