{
    "responseInfo": {
        "timeStamp": "29-01-2025 12:21:48",
        "correlationId": "b044a9cf-0e9a-4229-9876-ecac5e8b7ac7-86184",
        "responseCode": "00",
        "responseMessage": "SUCCESS",
        "sectionErrors": []
    },
    "body": {
        "meta": {
            "timestamp": 1738153305701,
            "cxpCorrelationId": "2025-01-29T12:21:45.+0000:eeb3909d70bc837a:cxp-ordering-services-6f5f4b64d9-s7whd:nssit3"
        },
        "data": {
            "mtnInfoList": [
                {
                    "mtn": "7792470965"
                }
            ],
            "customerId": "280359475"
        },
        "errors": []
    }
}