{
  "responseInfo": {
      "timeStamp": "07-08-2024 06:16:53",
      "correlationId": "9ad8842e-02e1-4e31-b9d7-913b3e840282-605532",
      "responseCode": "00",
      "responseMessage": "SUCCESS",
      "sectionErrors": []
  },
  "body": {
      "data": {
          "customerProfile": {
              "billAccounts": [
                  {
                      "paymentInfo": {
                          "outstandingBalance": "281.28",
                          "pastDueBalance": "0.00",
                          "isBalancePastDue": false
                      },
                      "mtns": [
                          {
                              "mtn": "6106080480",
                              "mtnHashCode": "a444397c60516433316853fa8fc4c71d2b2be11c7096969527bd72af29f9bed1",
                              "mtnStatus": {
                                  "isActive": true,
                                  "isMtnChanged": false,
                                  "isReassigned": false,
                                  "isSuspendedWithBilling": false,
                                  "isSuspendedWithoutBilling": false,
                                  "mtnStatusReasonCode": "",
                                  "isDisconnected": false,
                                  "isTransfered": false,
                                  "status": "A",
                                  "isMtnSuspended": false
                              },
                              "primaryAddress": {
                                  "addressLine1": "1 VERIZON WAY",
                                  "city": "BASKING RIDGE",
                                  "state": "NJ"
                              },
                              "equipmentInfos": [
                                  {
                                      "deviceInfo": {
                                          "deviceId": "350183981389141",
                                          "primaryDevice": true,
                                          "displayName": "Apple iPhone 13 128GB in (PRODUCT)RED",
                                          "deviceSku": "MLAA3LL/A",
                                          "cdmaRestrictedDevice": false,
                                          "category": {
                                              "smartphone": true,
                                              "basicphone": false,
                                              "smartwatch": false,
                                              "connectedDevice": false,
                                              "homeSolutions": false,
                                              "category": "5G Smartphone"
                                          },
                                          "deviceType": {
                                              "deviceType": "5GE"
                                          },
                                          "dataOnlyCapableDevice": false,
                                          "imageUrlMap": {
                                              "defaultImage": "https://ss7.vzw.com/is/image/VerizonWireless/apple-iphone-13-productred-09142021",
                                              "largeImage": "https://ss7.vzw.com/is/image/VerizonWireless/apple-iphone-13-productred-09142021?$device-lg$",
                                              "mediumImage": "https://ss7.vzw.com/is/image/VerizonWireless/apple-iphone-13-productred-09142021?$device-med$",
                                              "miniImage": "https://ss7.vzw.com/is/image/VerizonWireless/apple-iphone-13-productred-09142021?$device-mini$",
                                              "thumbImage": "https://ss7.vzw.com/is/image/VerizonWireless/apple-iphone-13-productred-09142021?$device-thumb$"
                                          },
                                          "euiccCapable": true,
                                          "entireDeviceEsimEligible": true,
                                          "router": false,
                                          "openEnrollmentPeriod": "Y",
                                          "productDisplayName": "iPhone 13",
                                          "pairedDeviceDetails": [
                                              {
                                                  "pairedImei": "350183981372139",
                                                  "pairedImeiMtn": "",
                                                  "isPairedImeiActive": false,
                                                  "isPairedMTNSameAccount": false
                                              }
                                          ],
                                          "hasInsuranceFeatureEnabled": false,
                                          "isNetworkExtendor": false
                                      },
                                      "simInfo": {
                                          "simId": "89148000007407393525",
                                          "idType": "ICC"
                                      }
                                  }
                              ],
                              "mobileInfoAttributes": {
                                  "smartFamilyParent": false,
                                  "smartFamilyParentEligible": false,
                                  "numberShareTrunk": false,
                                  "accessRoles": {
                                      "owner": false,
                                      "manager": true,
                                      "member": false
                                  },
                                  "activeLineShared": false,
                                  "enrolledForShareNameId": false
                              },
                              "equipmentUpgradeEligibility": {
                                  "upgradeEligible": true
                              },
                              "pricePlanInfo": {
                                  "effectiveDate": "05/18/2023",
                                  "planId": "63215",
                                  "planDisplayName": "Unlimited Welcome",
                                  "planAttributes": {
                                      "sharePlan": false,
                                      "variablePlanChargePlan": false,
                                      "disneyPlusEligible": false,
                                      "mixAndMatchPlan": false,
                                      "legacyPlan": false,
                                      "hasSecondNumPlan": false,
                                      "hasStandardPlan": true
                                  },
                                  "planCategoryCd": "92"
                              },
                              "currentFeatures": [
                                  {
                                      "sfoId": "48526"
                                  },
                                  {
                                      "sfoId": "48553"
                                  },
                                  {
                                      "sfoId": "68869"
                                  },
                                  {
                                      "sfoId": "68870"
                                  },
                                  {
                                      "sfoId": "68871"
                                  },
                                  {
                                      "sfoId": "68872"
                                  },
                                  {
                                      "sfoId": "68873"
                                  },
                                  {
                                      "sfoId": "68874"
                                  },
                                  {
                                      "sfoId": "68876"
                                  },
                                  {
                                      "sfoId": "71921"
                                  },
                                  {
                                      "sfoId": "73502"
                                  },
                                  {
                                      "sfoId": "73503"
                                  },
                                  {
                                      "sfoId": "73661"
                                  },
                                  {
                                      "sfoId": "75802"
                                  },
                                  {
                                      "sfoId": "75836"
                                  },
                                  {
                                      "sfoId": "75837"
                                  },
                                  {
                                      "sfoId": "76600"
                                  },
                                  {
                                      "sfoId": "77556"
                                  },
                                  {
                                      "sfoId": "77568"
                                  },
                                  {
                                      "sfoId": "78485"
                                  },
                                  {
                                      "sfoId": "79708"
                                  },
                                  {
                                      "sfoId": "80148"
                                  },
                                  {
                                      "sfoId": "81143"
                                  },
                                  {
                                      "sfoId": "81158"
                                  },
                                  {
                                      "sfoId": "81186"
                                  },
                                  {
                                      "sfoId": "83186"
                                  },
                                  {
                                      "sfoId": "83856"
                                  },
                                  {
                                      "sfoId": "84094"
                                  },
                                  {
                                      "sfoId": "85553"
                                  },
                                  {
                                      "sfoId": "86189"
                                  },
                                  {
                                      "sfoId": "86209"
                                  },
                                  {
                                      "sfoId": "86848"
                                  },
                                  {
                                      "sfoId": "86905"
                                  },
                                  {
                                      "sfoId": "89668"
                                  },
                                  {
                                      "sfoId": "89670"
                                  },
                                  {
                                      "sfoId": "89671"
                                  },
                                  {
                                      "sfoId": "89673"
                                  }
                              ],
                              "hasSecondNumberEligible": false,
                              "simFreezeInfo": {
                                  "simFreezeCode": "N",
                                  "simUnfreezeTimeStamp": "",
                                  "simUnfreezeTime": "15",
                                  "isBlocked": "N"
                              },
                              "mtnNickName": "RAVI BELTRAN A",
                              "installmentLoans": [
                                  {
                                      "loanNumber": "1576588223",
                                      "loanAmount": "799.99",
                                      "totalPaidAmount": "746.67",
                                      "remainingBalance": "53.32",
                                      "loanCreateDate": "2022-01-18",
                                      "loanEndDate": "2024-07-18",
                                      "pendingNumberOfInstallments": "1",
                                      "numberOfInstallmentsBilled": "29",
                                      "edgeUpRequiredPercent": "50.00",
                                      "displayReturnOption": true,
                                      "buyoutFlag": true,
                                      "upgradeEligible": false
                                  }
                              ],
                              "currentSPOs": [
                                  {
                                      "discountPromo": false,
                                      "callFilter": false,
                                      "travelPass": false,
                                      "mobileProtect": false,
                                      "mobileSecure": false,
                                      "callFilterBlockCode": false,
                                      "militarySpo": false,
                                      "teacherSpo": false,
                                      "nursesSpo": false,
                                      "firstResponderSpo": false,
                                      "studentsSpo": false,
                                      "perkToggle": false,
                                      "perkDuplicateWarningInd": false,
                                      "frequencyCount": 0,
                                      "spoId": "384",
                                      "promotions": []
                                  },
                                  {
                                      "discountPromo": false,
                                      "callFilter": false,
                                      "travelPass": false,
                                      "mobileProtect": false,
                                      "mobileSecure": false,
                                      "callFilterBlockCode": false,
                                      "militarySpo": false,
                                      "teacherSpo": false,
                                      "nursesSpo": false,
                                      "firstResponderSpo": false,
                                      "studentsSpo": false,
                                      "perkToggle": false,
                                      "perkDuplicateWarningInd": false,
                                      "frequencyCount": 0,
                                      "spoId": "732",
                                      "promotions": []
                                  },
                                  {
                                      "discountPromo": false,
                                      "callFilter": false,
                                      "travelPass": false,
                                      "mobileProtect": false,
                                      "mobileSecure": false,
                                      "callFilterBlockCode": false,
                                      "militarySpo": false,
                                      "teacherSpo": false,
                                      "nursesSpo": false,
                                      "firstResponderSpo": false,
                                      "studentsSpo": false,
                                      "perkToggle": false,
                                      "perkDuplicateWarningInd": false,
                                      "frequencyCount": 0,
                                      "spoId": "1255",
                                      "promotions": []
                                  },
                                  {
                                      "discountPromo": false,
                                      "callFilter": false,
                                      "travelPass": false,
                                      "mobileProtect": false,
                                      "mobileSecure": false,
                                      "callFilterBlockCode": false,
                                      "militarySpo": false,
                                      "teacherSpo": false,
                                      "nursesSpo": false,
                                      "firstResponderSpo": false,
                                      "studentsSpo": false,
                                      "perkToggle": false,
                                      "perkDuplicateWarningInd": false,
                                      "frequencyCount": 0,
                                      "spoId": "1345",
                                      "promotions": []
                                  },
                                  {
                                      "discountPromo": false,
                                      "callFilter": false,
                                      "travelPass": false,
                                      "mobileProtect": false,
                                      "mobileSecure": false,
                                      "callFilterBlockCode": false,
                                      "militarySpo": false,
                                      "teacherSpo": false,
                                      "nursesSpo": false,
                                      "firstResponderSpo": false,
                                      "studentsSpo": false,
                                      "perkToggle": false,
                                      "perkDuplicateWarningInd": false,
                                      "frequencyCount": 0,
                                      "spoId": "1692",
                                      "promotions": []
                                  },
                                  {
                                      "discountPromo": false,
                                      "callFilter": false,
                                      "travelPass": false,
                                      "mobileProtect": false,
                                      "mobileSecure": false,
                                      "callFilterBlockCode": false,
                                      "militarySpo": false,
                                      "teacherSpo": false,
                                      "nursesSpo": false,
                                      "firstResponderSpo": false,
                                      "studentsSpo": false,
                                      "perkToggle": false,
                                      "perkDuplicateWarningInd": false,
                                      "frequencyCount": 0,
                                      "spoId": "1801",
                                      "promotions": []
                                  },
                                  {
                                      "discountPromo": false,
                                      "callFilter": false,
                                      "travelPass": false,
                                      "mobileProtect": false,
                                      "mobileSecure": false,
                                      "callFilterBlockCode": false,
                                      "militarySpo": false,
                                      "teacherSpo": false,
                                      "nursesSpo": false,
                                      "firstResponderSpo": false,
                                      "studentsSpo": false,
                                      "perkToggle": false,
                                      "perkDuplicateWarningInd": false,
                                      "frequencyCount": 0,
                                      "spoId": "2606",
                                      "promotions": []
                                  },
                                  {
                                      "discountPromo": false,
                                      "callFilter": false,
                                      "travelPass": false,
                                      "mobileProtect": false,
                                      "mobileSecure": false,
                                      "callFilterBlockCode": false,
                                      "militarySpo": false,
                                      "teacherSpo": false,
                                      "nursesSpo": false,
                                      "firstResponderSpo": false,
                                      "studentsSpo": false,
                                      "perkToggle": false,
                                      "perkDuplicateWarningInd": false,
                                      "frequencyCount": 0,
                                      "spoId": "2607",
                                      "promotions": []
                                  },
                                  {
                                      "discountPromo": false,
                                      "callFilter": false,
                                      "travelPass": false,
                                      "mobileProtect": false,
                                      "mobileSecure": false,
                                      "callFilterBlockCode": false,
                                      "militarySpo": false,
                                      "teacherSpo": false,
                                      "nursesSpo": false,
                                      "firstResponderSpo": false,
                                      "studentsSpo": false,
                                      "perkToggle": false,
                                      "perkDuplicateWarningInd": false,
                                      "frequencyCount": 0,
                                      "spoId": "2578",
                                      "promotions": []
                                  }
                              ],
                              "mtnActiveOn": "psim"
                          },
                          {
                              "mtn": "6106082070",
                              "mtnHashCode": "ee389f05571675e16ab1332678f78529e0f453e51902e2d277f4ed0b2083b6a4",
                              "mtnStatus": {
                                  "isActive": true,
                                  "isMtnChanged": false,
                                  "isReassigned": false,
                                  "isSuspendedWithBilling": false,
                                  "isSuspendedWithoutBilling": false,
                                  "mtnStatusReasonCode": "",
                                  "isDisconnected": false,
                                  "isTransfered": false,
                                  "status": "A",
                                  "isMtnSuspended": false
                              },
                              "primaryAddress": {
                                  "addressLine1": "2500 W TOWNSHIP LINE RD",
                                  "city": "HAVERTOWN",
                                  "state": "PA"
                              },
                              "equipmentInfos": [
                                  {
                                      "deviceInfo": {
                                          "deviceId": "359127072425265",
                                          "primaryDevice": true,
                                          "displayName": "Apple iPhone 7 128GB in Silver",
                                          "deviceSku": "MNAK2LL/A",
                                          "cdmaRestrictedDevice": false,
                                          "category": {
                                              "smartphone": true,
                                              "basicphone": false,
                                              "smartwatch": false,
                                              "connectedDevice": false,
                                              "homeSolutions": false,
                                              "category": "4G Smartphone"
                                          },
                                          "deviceType": {
                                              "deviceType": "4GE"
                                          },
                                          "dataOnlyCapableDevice": false,
                                          "imageUrlMap": {
                                              "defaultImage": "https://ss7.vzw.com/is/image/VerizonWireless/iphone7-front-svr",
                                              "largeImage": "https://ss7.vzw.com/is/image/VerizonWireless/iphone7-front-svr?$device-lg$",
                                              "mediumImage": "https://ss7.vzw.com/is/image/VerizonWireless/iphone7-front-svr?$device-med$",
                                              "miniImage": "https://ss7.vzw.com/is/image/VerizonWireless/iphone7-front-svr?$device-mini$",
                                              "thumbImage": "https://ss7.vzw.com/is/image/VerizonWireless/iphone7-front-svr?$device-thumb$"
                                          },
                                          "euiccCapable": false,
                                          "entireDeviceEsimEligible": false,
                                          "router": false,
                                          "openEnrollmentPeriod": "Y",
                                          "productDisplayName": "iPhone 7",
                                          "hasInsuranceFeatureEnabled": false,
                                          "isNetworkExtendor": false
                                      },
                                      "simInfo": {
                                          "simId": "89148000003569091619",
                                          "idType": "ICC"
                                      }
                                  }
                              ],
                              "mobileInfoAttributes": {
                                  "smartFamilyParent": false,
                                  "smartFamilyParentEligible": false,
                                  "numberShareTrunk": false,
                                  "accessRoles": {
                                      "owner": false,
                                      "manager": false,
                                      "member": false
                                  },
                                  "activeLineShared": false,
                                  "enrolledForShareNameId": false
                              },
                              "equipmentUpgradeEligibility": {
                                  "upgradeEligible": true
                              },
                              "pricePlanInfo": {
                                  "effectiveDate": "05/18/2023",
                                  "planId": "63215",
                                  "planDisplayName": "Unlimited Welcome",
                                  "planAttributes": {
                                      "sharePlan": false,
                                      "variablePlanChargePlan": false,
                                      "disneyPlusEligible": false,
                                      "mixAndMatchPlan": false,
                                      "legacyPlan": false,
                                      "hasSecondNumPlan": false,
                                      "hasStandardPlan": true
                                  },
                                  "planCategoryCd": "92"
                              },
                              "currentFeatures": [
                                  {
                                      "sfoId": "48526"
                                  },
                                  {
                                      "sfoId": "48553"
                                  },
                                  {
                                      "sfoId": "53217"
                                  },
                                  {
                                      "sfoId": "68869"
                                  },
                                  {
                                      "sfoId": "68870"
                                  },
                                  {
                                      "sfoId": "68871"
                                  },
                                  {
                                      "sfoId": "68872"
                                  },
                                  {
                                      "sfoId": "68873"
                                  },
                                  {
                                      "sfoId": "68874"
                                  },
                                  {
                                      "sfoId": "68876"
                                  },
                                  {
                                      "sfoId": "73502"
                                  },
                                  {
                                      "sfoId": "73503"
                                  },
                                  {
                                      "sfoId": "75706"
                                  },
                                  {
                                      "sfoId": "75802"
                                  },
                                  {
                                      "sfoId": "75836"
                                  },
                                  {
                                      "sfoId": "75837"
                                  },
                                  {
                                      "sfoId": "77553"
                                  },
                                  {
                                      "sfoId": "77556"
                                  },
                                  {
                                      "sfoId": "78485"
                                  },
                                  {
                                      "sfoId": "79708"
                                  },
                                  {
                                      "sfoId": "80148"
                                  },
                                  {
                                      "sfoId": "81143"
                                  },
                                  {
                                      "sfoId": "81158"
                                  },
                                  {
                                      "sfoId": "81186"
                                  },
                                  {
                                      "sfoId": "84094"
                                  },
                                  {
                                      "sfoId": "85553"
                                  },
                                  {
                                      "sfoId": "86189"
                                  },
                                  {
                                      "sfoId": "86209"
                                  },
                                  {
                                      "sfoId": "89668"
                                  },
                                  {
                                      "sfoId": "89670"
                                  },
                                  {
                                      "sfoId": "89671"
                                  },
                                  {
                                      "sfoId": "89673"
                                  }
                              ],
                              "hasSecondNumberEligible": false,
                              "simFreezeInfo": {
                                  "simFreezeCode": "N",
                                  "simUnfreezeTimeStamp": "",
                                  "simUnfreezeTime": "15",
                                  "isBlocked": "N"
                              },
                              "mtnNickName": "RAVI BELTRAN A",
                              "installmentLoans": [],
                              "currentSPOs": [
                                  {
                                      "discountPromo": false,
                                      "callFilter": false,
                                      "travelPass": false,
                                      "mobileProtect": false,
                                      "mobileSecure": false,
                                      "callFilterBlockCode": false,
                                      "militarySpo": false,
                                      "teacherSpo": false,
                                      "nursesSpo": false,
                                      "firstResponderSpo": false,
                                      "studentsSpo": false,
                                      "perkToggle": false,
                                      "perkDuplicateWarningInd": false,
                                      "frequencyCount": 0,
                                      "spoId": "1256",
                                      "promotions": []
                                  },
                                  {
                                      "discountPromo": false,
                                      "callFilter": false,
                                      "travelPass": false,
                                      "mobileProtect": false,
                                      "mobileSecure": false,
                                      "callFilterBlockCode": false,
                                      "militarySpo": false,
                                      "teacherSpo": false,
                                      "nursesSpo": false,
                                      "firstResponderSpo": false,
                                      "studentsSpo": false,
                                      "perkToggle": false,
                                      "perkDuplicateWarningInd": false,
                                      "frequencyCount": 0,
                                      "spoId": "1345",
                                      "promotions": []
                                  },
                                  {
                                      "discountPromo": false,
                                      "callFilter": false,
                                      "travelPass": false,
                                      "mobileProtect": false,
                                      "mobileSecure": false,
                                      "callFilterBlockCode": false,
                                      "militarySpo": false,
                                      "teacherSpo": false,
                                      "nursesSpo": false,
                                      "firstResponderSpo": false,
                                      "studentsSpo": false,
                                      "perkToggle": false,
                                      "perkDuplicateWarningInd": false,
                                      "frequencyCount": 0,
                                      "spoId": "2578",
                                      "promotions": []
                                  }
                              ],
                              "mtnActiveOn": "psim"
                          },
                          {
                              "mtn": "6107577028",
                              "mtnHashCode": "cdc4906640be955d013c12c510bcedb6b3a302d85ce599bdd4dd06413dd087ff",
                              "mtnStatus": {
                                  "isActive": true,
                                  "isMtnChanged": false,
                                  "isReassigned": false,
                                  "isSuspendedWithBilling": false,
                                  "isSuspendedWithoutBilling": false,
                                  "mtnStatusReasonCode": "",
                                  "isDisconnected": false,
                                  "isTransfered": false,
                                  "status": "A",
                                  "isMtnSuspended": false
                              },
                              "primaryAddress": {
                                  "addressLine1": "1925 LAWRENCE RD APT 7C",
                                  "city": "HAVERTOWN",
                                  "state": "PA"
                              },
                              "equipmentInfos": [
                                  {
                                      "deviceInfo": {
                                          "deviceId": "351836490400712",
                                          "primaryDevice": true,
                                          "displayName": "Apple iPhone 14 128GB in Red",
                                          "deviceSku": "MPV73LL/A",
                                          "cdmaRestrictedDevice": false,
                                          "category": {
                                              "smartphone": true,
                                              "basicphone": false,
                                              "smartwatch": false,
                                              "connectedDevice": false,
                                              "homeSolutions": false,
                                              "category": "5G Smartphone"
                                          },
                                          "deviceType": {
                                              "deviceType": "5GE"
                                          },
                                          "dataOnlyCapableDevice": false,
                                          "imageUrlMap": {
                                              "defaultImage": "https://ss7.vzw.com/is/image/VerizonWireless/iphone-14-productred-fall22-a",
                                              "largeImage": "https://ss7.vzw.com/is/image/VerizonWireless/iphone-14-productred-fall22-a?$device-lg$",
                                              "mediumImage": "https://ss7.vzw.com/is/image/VerizonWireless/iphone-14-productred-fall22-a?$device-med$",
                                              "miniImage": "https://ss7.vzw.com/is/image/VerizonWireless/iphone-14-productred-fall22-a?$device-mini$",
                                              "thumbImage": "https://ss7.vzw.com/is/image/VerizonWireless/iphone-14-productred-fall22-a?$device-thumb$"
                                          },
                                          "euiccCapable": true,
                                          "entireDeviceEsimEligible": true,
                                          "router": false,
                                          "openEnrollmentPeriod": "Y",
                                          "productDisplayName": "iPhone 14",
                                          "pairedDeviceDetails": [
                                              {
                                                  "pairedImei": "351836490479393",
                                                  "pairedImeiMtn": "",
                                                  "isPairedImeiActive": false,
                                                  "isPairedMTNSameAccount": false
                                              }
                                          ],
                                          "hasInsuranceFeatureEnabled": false,
                                          "isNetworkExtendor": false
                                      },
                                      "simInfo": {
                                          "simId": "89148000009150334839",
                                          "idType": "ICC"
                                      }
                                  }
                              ],
                              "mobileInfoAttributes": {
                                  "smartFamilyParent": false,
                                  "smartFamilyParentEligible": false,
                                  "numberShareTrunk": false,
                                  "accessRoles": {
                                      "owner": false,
                                      "manager": true,
                                      "member": false
                                  },
                                  "activeLineShared": false,
                                  "enrolledForShareNameId": false
                              },
                              "equipmentUpgradeEligibility": {
                                  "upgradeEligible": true
                              },
                              "pricePlanInfo": {
                                  "effectiveDate": "05/18/2023",
                                  "planId": "63215",
                                  "planDisplayName": "Unlimited Welcome",
                                  "planAttributes": {
                                      "sharePlan": false,
                                      "variablePlanChargePlan": false,
                                      "disneyPlusEligible": false,
                                      "mixAndMatchPlan": false,
                                      "legacyPlan": false,
                                      "hasSecondNumPlan": false,
                                      "hasStandardPlan": true
                                  },
                                  "planCategoryCd": "92"
                              },
                              "currentFeatures": [
                                  {
                                      "sfoId": "48526"
                                  },
                                  {
                                      "sfoId": "48553"
                                  },
                                  {
                                      "sfoId": "68869"
                                  },
                                  {
                                      "sfoId": "68870"
                                  },
                                  {
                                      "sfoId": "68871"
                                  },
                                  {
                                      "sfoId": "68872"
                                  },
                                  {
                                      "sfoId": "68873"
                                  },
                                  {
                                      "sfoId": "68874"
                                  },
                                  {
                                      "sfoId": "68876"
                                  },
                                  {
                                      "sfoId": "73502"
                                  },
                                  {
                                      "sfoId": "73503"
                                  },
                                  {
                                      "sfoId": "75706"
                                  },
                                  {
                                      "sfoId": "75802"
                                  },
                                  {
                                      "sfoId": "75836"
                                  },
                                  {
                                      "sfoId": "75837"
                                  },
                                  {
                                      "sfoId": "76600"
                                  },
                                  {
                                      "sfoId": "77556"
                                  },
                                  {
                                      "sfoId": "77568"
                                  },
                                  {
                                      "sfoId": "78485"
                                  },
                                  {
                                      "sfoId": "79708"
                                  },
                                  {
                                      "sfoId": "80148"
                                  },
                                  {
                                      "sfoId": "81143"
                                  },
                                  {
                                      "sfoId": "81158"
                                  },
                                  {
                                      "sfoId": "81186"
                                  },
                                  {
                                      "sfoId": "83856"
                                  },
                                  {
                                      "sfoId": "84094"
                                  },
                                  {
                                      "sfoId": "85553"
                                  },
                                  {
                                      "sfoId": "86189"
                                  },
                                  {
                                      "sfoId": "86209"
                                  },
                                  {
                                      "sfoId": "86848"
                                  },
                                  {
                                      "sfoId": "86905"
                                  },
                                  {
                                      "sfoId": "89668"
                                  },
                                  {
                                      "sfoId": "89670"
                                  },
                                  {
                                      "sfoId": "89671"
                                  },
                                  {
                                      "sfoId": "89673"
                                  }
                              ],
                              "hasSecondNumberEligible": false,
                              "simFreezeInfo": {
                                  "simFreezeCode": "N",
                                  "simUnfreezeTimeStamp": "",
                                  "simUnfreezeTime": "15",
                                  "isBlocked": "N"
                              },
                              "mtnNickName": "RAVI BELTRAN A",
                              "installmentLoans": [
                                  {
                                      "loanNumber": "1609357701",
                                      "loanAmount": "799.99",
                                      "totalPaidAmount": "266.71",
                                      "remainingBalance": "533.28",
                                      "loanCreateDate": "2023-05-18",
                                      "loanEndDate": "2026-05-18",
                                      "pendingNumberOfInstallments": "23",
                                      "numberOfInstallmentsBilled": "13",
                                      "edgeUpRequiredPercent": "50.00",
                                      "displayReturnOption": true,
                                      "buyoutFlag": true,
                                      "upgradeEligible": false
                                  }
                              ],
                              "currentSPOs": [
                                  {
                                      "discountPromo": false,
                                      "callFilter": false,
                                      "travelPass": false,
                                      "mobileProtect": false,
                                      "mobileSecure": false,
                                      "callFilterBlockCode": false,
                                      "militarySpo": false,
                                      "teacherSpo": false,
                                      "nursesSpo": false,
                                      "firstResponderSpo": false,
                                      "studentsSpo": false,
                                      "perkToggle": false,
                                      "perkDuplicateWarningInd": false,
                                      "frequencyCount": 0,
                                      "spoId": "732",
                                      "promotions": []
                                  },
                                  {
                                      "discountPromo": false,
                                      "callFilter": false,
                                      "travelPass": false,
                                      "mobileProtect": false,
                                      "mobileSecure": false,
                                      "callFilterBlockCode": false,
                                      "militarySpo": false,
                                      "teacherSpo": false,
                                      "nursesSpo": false,
                                      "firstResponderSpo": false,
                                      "studentsSpo": false,
                                      "perkToggle": false,
                                      "perkDuplicateWarningInd": false,
                                      "frequencyCount": 0,
                                      "spoId": "1256",
                                      "promotions": []
                                  },
                                  {
                                      "discountPromo": false,
                                      "callFilter": false,
                                      "travelPass": false,
                                      "mobileProtect": false,
                                      "mobileSecure": false,
                                      "callFilterBlockCode": false,
                                      "militarySpo": false,
                                      "teacherSpo": false,
                                      "nursesSpo": false,
                                      "firstResponderSpo": false,
                                      "studentsSpo": false,
                                      "perkToggle": false,
                                      "perkDuplicateWarningInd": false,
                                      "frequencyCount": 0,
                                      "spoId": "1345",
                                      "promotions": []
                                  },
                                  {
                                      "discountPromo": false,
                                      "callFilter": false,
                                      "travelPass": false,
                                      "mobileProtect": false,
                                      "mobileSecure": false,
                                      "callFilterBlockCode": false,
                                      "militarySpo": false,
                                      "teacherSpo": false,
                                      "nursesSpo": false,
                                      "firstResponderSpo": false,
                                      "studentsSpo": false,
                                      "perkToggle": false,
                                      "perkDuplicateWarningInd": false,
                                      "frequencyCount": 0,
                                      "spoId": "1692",
                                      "promotions": []
                                  },
                                  {
                                      "discountPromo": false,
                                      "callFilter": false,
                                      "travelPass": false,
                                      "mobileProtect": false,
                                      "mobileSecure": false,
                                      "callFilterBlockCode": false,
                                      "militarySpo": false,
                                      "teacherSpo": false,
                                      "nursesSpo": false,
                                      "firstResponderSpo": false,
                                      "studentsSpo": false,
                                      "perkToggle": false,
                                      "perkDuplicateWarningInd": false,
                                      "frequencyCount": 0,
                                      "spoId": "1801",
                                      "promotions": []
                                  },
                                  {
                                      "discountPromo": false,
                                      "callFilter": false,
                                      "travelPass": false,
                                      "mobileProtect": false,
                                      "mobileSecure": false,
                                      "callFilterBlockCode": false,
                                      "militarySpo": false,
                                      "teacherSpo": false,
                                      "nursesSpo": false,
                                      "firstResponderSpo": false,
                                      "studentsSpo": false,
                                      "perkToggle": false,
                                      "perkDuplicateWarningInd": false,
                                      "frequencyCount": 0,
                                      "spoId": "2606",
                                      "promotions": []
                                  },
                                  {
                                      "discountPromo": false,
                                      "callFilter": false,
                                      "travelPass": false,
                                      "mobileProtect": false,
                                      "mobileSecure": false,
                                      "callFilterBlockCode": false,
                                      "militarySpo": false,
                                      "teacherSpo": false,
                                      "nursesSpo": false,
                                      "firstResponderSpo": false,
                                      "studentsSpo": false,
                                      "perkToggle": false,
                                      "perkDuplicateWarningInd": false,
                                      "frequencyCount": 0,
                                      "spoId": "2607",
                                      "promotions": []
                                  },
                                  {
                                      "discountPromo": false,
                                      "callFilter": false,
                                      "travelPass": false,
                                      "mobileProtect": false,
                                      "mobileSecure": false,
                                      "callFilterBlockCode": false,
                                      "militarySpo": false,
                                      "teacherSpo": false,
                                      "nursesSpo": false,
                                      "firstResponderSpo": false,
                                      "studentsSpo": false,
                                      "perkToggle": false,
                                      "perkDuplicateWarningInd": false,
                                      "frequencyCount": 0,
                                      "spoId": "2578",
                                      "promotions": []
                                  }
                              ],
                              "mtnActiveOn": "esim"
                          }
                      ],
                      "promotions": [],
                      "accountLevelCurrentCostData": [
                          {
                              "spoList": [
                                  {
                                      "spoId": "2578",
                                      "price": [
                                          {
                                              "regularPrice": "57.00"
                                          }
                                      ]
                                  }
                              ]
                          }
                      ],
                      "bankAccountDetails": [],
                      "creditDetails": [],
                      "vzwVztCustomerInfo": {
                          "vztAccountInfo": []
                      }
                  }
              ],
              "customerHash": "fde92ecad8e6aad15fbfb790b6396c9b2591fca92e98d920439876190a5470e5",
              "customerAttributes": {
                  "customerType": "PE",
                  "autoPayDiscountEligibleCustomerType": false,
                  "VZWEmployeeAccount": false,
                  "salesMakerAccount": false,
                  "personalCustomer": true
              }
          },
          "content": {
              "steps": {
                  "eligibilityFailed": {
                      "heading": "Sorry. This device and issue isn't eligible for a repair.",
                      "subHeading": "You can check your extended warranty or contact us about your other device replacement options.",
                      "subHeadingLink": "verizon.com"
                  },
                  "review": {
                      "heading": "Review the details and make your appointment.",
                      "subHeading": "Confirm the information for your repair and book when you're ready.",
                      "emailAndContactNote": "We'll send your confirmation to this email. Make sure the number is working in case we need to contact you."
                  },
                  "deviceRepair": {
                      "heading": "Let's see if you're eligible for repair.",
                      "subHeading": "Tell us about the issue you're experiencing and we'll check if your device and or issue is eligible for repair under the extended warranty coverage provided by your device protection option. All repairs will be done through our authorized repair vendor."
                  },
                  "locationFinder": {
                      "heading": "Select where and when you want your device repaired.",
                      "subHeading": "You'll be able to choose a store the date and the time.",
                      "appointmentInfo": "For appointments after 3 PM, your device may not be available for pickup until the following day."
                  },
                  "appointment": {
                      "heading": "Great! Your appointment has been scheduled.",
                      "appointmentNote2": "If you need to change or cancel your appointment, please reach out directly to UbreakiFix.",
                      "appointmentNote1": "We look forward to seeing you. Here's some important information regarding your appointment:",
                      "appointmentNote4": "We'll also send a confirmation email with your appointment information.",
                      "backupInfo": "You're are responsible for backing up the software or data stored on your device.We aren't responsible for the loss, alteration or corruption of your software or data and may decline services if the appropriate  back-up measures haven't been taken.You are also responsible for removing any content,such as videos or pictures,that you don't want our authorized repair vender to view.",
                      "appointmentNote3": "Appointments must be canceled at least 30 minutes before the start time."
                  },
                  "eligibilitySuccess": {
                      "heading": "You're eligible for device repair under Extended Warranty coverage.",
                      "subHeading": "Set up your appointment now."
                  }
              }
          }
      }
  }
}