{
	"responseInfo": {
		"timeStamp": "11-08-2023 07:48:23",
		"correlationId": "",
		"responseCode": "00",
		"responseMessage": "SUCCESS",
		"sectionErrors": []
	},
	"body": {
		"pageId": "numberShare",
		"pageAttributes": [
			{
				"itemKey": "pageTitle",
				"itemValue": "Number share"
			},
			{
				"itemKey": "hashedAccountNumber",
				"itemValue": "f3c5c52290c3950bf248f23f173bcaf34cfcdb01cebee86350a5e0a9aa407016",
				"itemType": "text"
			},
			{
				"itemKey": "hashedMdn",
				"itemValue": "d5c6b665a7c87ca9b7e5ee4f43e557b70480f516b68167f926e448a1b8e6885b",
				"itemType": "text"
			}
		],
		"sections": [
			{
				"sectionIndex": "0",
				"sectionId": "devicesNumberShareMainSection",
				"sectionType": "devicesNumberShareMainSection",
				"sectionComponentId": "",
				"sections": [
					{
						"sectionIndex": "0",
						"sectionId": "devicesNSLandingPageSection",
						"sectionType": "nsLandingSection",
						"actions": [
							{
								"actionType": "modal",
								"actionValue": "",
								"actionKey": "numShareAction",
								"clickStream": "number-share-modal"
							},
							{
								"actionType": "post",
								"actionValue": "",
								"actionKey": "applyAction",
								"clickStream": "apply-changes-cta"
							},
							{
								"actionType": "http",
								"actionValue": "https://www.verizon.com/support/number-share-home-faqs/",
								"actionKey": "applyAction",
								"clickStream": "number-share-faqs-cta"
							}
						],
						"contents": [
							{
								"contentIndex": "0",
								"contentType": "",
								"items": [
									{
										"itemKey": "header",
										"itemType": "text",
										"itemValue": "Manage all of your NumberShare devices.",
										"itemAttributes": {}
									},
									{
										"itemKey": "subHeader",
										"itemType": "text",
										"itemValue": "Change or edit your NumberShare device preferences below. Choose a new device to share a mobile number with or give a device its own plan. Just drag and drop your NumberShare devices below to change a parent device.",
										"itemAttributes": {}
									},
									{
										"itemKey": "speakerSubHeader",
										"itemType": "text",
										"itemValue": "For wearables, you can drag and drop to move from one mobile number to another, or give a device its own plan. For speakers, you can change the emergency address used for 911 calls.",
										"itemAttributes": {}
									},
									{
										"itemKey": "dragError1",
										"itemType": "text",
										"itemValue": "Remove your speaker first, then add it with the app.",
										"itemAttributes": {}
									},
									{
										"itemKey": "dragError2",
										"itemType": "text",
										"itemValue": "To move your speaker to a different line, remove it first below and then add it to the line you want with the speaker app used to originally set up your speaker.",
										"itemAttributes": {}
									},
									{
										"itemKey": "dragError3",
										"itemType": "text",
										"itemValue": "For more information, visit",
										"itemAttributes": {}
									},									
									{
										"itemKey": "updateErrorMsg",
										"itemType": "text",
										"itemValue": "Please try again later. There was an error on update address.",
										"itemAttributes": {}
									},
									{
										"itemKey": "removeErrorMsg",
										"itemType": "text",
										"itemValue": "Please try again later. There was an error on remove speaker or location.",
										"itemAttributes": {}
									},
									{
										"itemKey": "numShareLink",
										"itemType": "link",
										"itemValue": "What is NumberShare?",
										"actionKey": "numShareAction",
										"itemAttributes": {}
									},
									{
										"itemKey": "faqsLink",
										"itemType": "link",
										"itemValue": "Number Share - Home FAQ page",
										"actionKey": "faqsAction",
										"itemAttributes": {}
									},
									{
										"itemKey": "applyLink",
										"itemType": "link",
										"itemValue": "Apply Changes",
										"actionKey": "applyAction",
										"itemAttributes": {}
									},
									{
										"itemKey": "showDeviceTypeLabel",
										"itemType": "text",
										"itemValue": "Show: ",
										"itemAttributes": {}
									}
								]
							}
						],
						"data": {
							"cq": {
								"numberShareGraftLineAccessFee": "$10"
							},
							"deviceDetails": [
								{
									"primaryInfo": {
										"firstName": "JOSEPH",
										"lastName": "BOWER",
										"deviceNickName": "JOSEPH BOWER",
										"mdn": "2702180951",
										"formattedMdn": "270.218.0951",
										"id": "uA9OsVPkwq/TYgcmJMZV6Q==",
										"img": "https://ss7.vzw.com/is/image/VerizonWireless/iphone-14-pro-max-space-black-fall22-a?",
										"canShareWith": "true",
										"msgPlusCount": "0",
										"humCount": "0",
										"allowedSkuImeId": [
											"M07H3LL/A"
										],
										"mtnStatusCode": "A",
										"smartLocatorDevice": false,
										"appleDevice": true,
										"deviceImageName": "Apple iPhone 14 Pro Max 128GB in Space Black"
									},
									"connectedDevices": [
										{
											"firstName": "JOSEPH",
											"lastName": "BOWER",
											"deviceNickName": "JOSEPH BOWER",
											"mdn": "2702003615",
											"formattedMdn": "270.200.3615",
											"id": "HGD3NCklHvRv9hPsUwrpIQ==",
											"deviceType": "RIO",
											"img": "https://ss7.vzw.com/is/image/VerizonWireless/apple-watch-series-6-space-gray-aluminum-sport-band-44mm-m07h3lla-a?",
											"mtnStatusCode": "A",
											"numberShareCapable": "O",
											"acceptedOS": "I",
											"skuImeId": "M07H3LL/A",
											"smartLocatorDevice": false,
											"lineLevelPlan": false,
											"isSPCDevice": false,
											"deviceImageName": "Apple Watch Series 6 GPS + Cellular, 44mm Space Gray Aluminum Case with Black Sport Band"
										}
									]
								},
								{
									"primaryInfo": {
										"firstName": "JOSEPH",
										"lastName": "BOWER",
										"deviceNickName": "JOSEPH BOWER",
										"mdn": "2702303147",
										"formattedMdn": "270.230.3147",
										"id": "Fjk/mgSXt058QpirGEFfew==",
										"img": "https://ss7.vzw.com/is/image/VerizonWireless/apple-iphone-12-pro-max-graphite-10132020?",
										"canShareWith": "true",
										"msgPlusCount": "0",
										"humCount": "0",
										"allowedSkuImeId": [
											"M07H3LL/A"
										],
										"mtnStatusCode": "A",
										"smartLocatorDevice": false,
										"appleDevice": true,
										"deviceImageName": "Apple IPhone 12 Pro Max 128G Graphite OTH"
									},
									"connectedDevices": []
								},
								{
									"primaryInfo": {
										"firstName": "AMANDA",
										"lastName": "CATON",
										"deviceNickName": "AMANDA CATON",
										"mdn": "5048848271",
										"formattedMdn": "504.884.8271",
										"id": "5J7LuTI+U6JGTzE4uz3zCQ\u003d\u003d",
										"img": "https://ss7.vzw.com/is/image/VerizonWireless/iphone-14-purple-fall22-a?",
										"canShareWith": "true",
										"msgPlusCount": "0",
										"humCount": "0",
										"allowedSkuImeId": [
											"MNV93LL/A"
										],
										"mtnStatusCode": "A",
										"smartLocatorDevice": false,
										"appleDevice": true,
										"deviceImageName": "Apple iPhone 14 128GB in Purple"
									},
									"connectedDevices": [
										{
											"firstName": "AMANDA",
											"lastName": "CATON",
											"deviceNickName": "AMANDA CATON",
											"mdn": "9853481338",
											"formattedMdn": "985.348.1338",
											"id": "R8DHu+dMHgPbVvlB6tHUcA\u003d\u003d",
											"deviceType": "RIO",
											"img": "https://ss7.vzw.com/is/image/VerizonWireless/apple-watch-series-8-cellular-41mm-gold-stainless-steel-starlight-sport-band-34fr-screen-usen-mnv93ll-a?",
											"mtnStatusCode": "A",
											"numberShareCapable": "O",
											"acceptedOS": "I",
											"skuImeId": "MNV93LL/A",
											"smartLocatorDevice": false,
											"lineLevelPlan": false,
											"isSPCDevice": false,
											"deviceImageName": "Apple Watch Series 8 41mm Gold Stainless Steel Case with Starlight Sport Band - SM"
										},
										{
											"deviceNickName": "AMAZON SPEAKER LOCATION",
											"formattedMdn": "",
											"deviceName": "AMAZON SPEAKER LOCATION",
											"deviceType": "SPK",
											"img": "https://ss7.vzw.com/is/image/VerizonWireless/alexa-logo-icon?\u0026scl\u003d1",
											"smartLocatorDevice": false,
											"lineLevelPlan": false,
											"e911AddressVO": {
												"addressLine1": "17622 TANGI LAKE DR",
												"addressLine2": "APT B",
												"city": "HAMMOND",
												"state": "LA",
												"zip": "70403",
												"showErrorMessage": false
											},
											"deviceId": "65ad15e1-1b7b-8269-a9fc-b1f8f6b8a68d",
											"viceDeviceId": "65ad15e1-1b7b-8269-a9fc-b1f8f6b8a68d",
											"prid": "000504884827180@vzims.com",
											"isSPCDevice": true,
											"activationDate": "09/14/2023",
											"lastInteractionDate": "09/14/2023"
										}
									],
									"defaultAddress": {
										"addressLine1": "17622 TANGI LAKE DR",
										"addressLine2": "APT B",
										"city": "HAMMOND",
										"state": "LA",
										"zip": "70403",
										"showErrorMessage": false
									}
								}
							],
							"connectableDevices": []
						}
					},
					{
						"sectionIndex": "1",
						"sectionId": "devicesNSLandingModalSection",
						"sectionType": "nsLandingModalSection",
						"actions": [
							{
								"actionType": "modal",
								"actionValue": "",
								"actionKey": "numShareAction",
								"clickStream": "number-share-close-modal"
							}
						],
						"contents": [
							{
								"contentIndex": "0",
								"contentType": "",
								"items": [
									{
										"itemKey": "header",
										"itemType": "text",
										"itemValue": "What is NumberShare?",
										"itemAttributes": {}
									},
									{
										"itemKey": "description",
										"itemType": "text",
										"itemValue": "NumberShare is a service that lets you use your mobile number on up to 5 connected devices. Send and receive calls and messages on whatever device is at hand, even if you're away from your phone.",
										"itemAttributes": {}
									},									
									{
										"itemKey": "gotItBtn",
										"itemType": "button",
										"itemValue": "Got it",
										"actionKey": "gotItAction",
										"itemAttributes": {}
									}
								]
							}
						],
						"data": {							
						}
					},
					{
						"sectionIndex": "5",
						"sectionId": "devicesNSLandingDevicesSection",
						"sectionType": "nsLandingDevicesSection",
						"actions": [
							{
								"actionType": "modal",
								"actionValue": "",
								"actionKey": "removeLocAction",
								"clickStream": "remove-location-cta"
							},
							{
								"actionType": "modal",
								"actionValue": "",
								"actionKey": "batchAction",
								"clickStream": "batch-update-cta"
							},
							{
								"actionType": "modal",
								"actionValue": "",
								"actionKey": "editAction",
								"clickStream": "edit-cta"
							},
							{
								"actionType": "modal",
								"actionValue": "",
								"actionKey": "removeSpeakerAction",
								"clickStream": "remove-speaker-cta"
							},
							{
								"actionType": "modal",
								"actionValue": "",
								"actionKey": "convertToStandaloneAction",
								"clickStream": {}
							},
							{
								"actionType": "modal",
								"actionValue": "",
								"actionKey": "convertToNumShareAction",
								"clickStream": {}
							}
						],
						"contents": [
							{
								"contentIndex": "0",
								"contentType": "",
								"items": [
									{
										"itemKey": "dragStartMsg",
										"itemType": "text",
										"itemValue": "You have selected an item of #MDN#. Use up and down arrow keys to move position. Space bar to drop and escape to cancel.",
										"itemAttributes": {}
									},
									{
										"itemKey": "dragUpdateNewLinMsg",
										"itemType": "text",
										"itemValue": "You have moved the item to #MDN# mdn.",
										"itemAttributes": {}
									},	
									{
										"itemKey": "dragUpdateAnotherSameLineMsg",
										"itemType": "text",
										"itemValue": "You have moved the item to the same mdn",
										"itemAttributes": {}
									},
									{
										"itemKey": "dragUpdateSameLineMsg",
										"itemType": "text",
										"itemValue": "You moved to the same mdn",
										"itemAttributes": {}
									},
									{
										"itemKey": "dragUpdateNoAreaMsg",
										"itemType": "text",
										"itemValue": "You are currently not over a droppable area",
										"itemAttributes": {}
									},
									{
										"itemKey": "dragEndCancelMsg",
										"itemType": "text",
										"itemValue": "Movement cancelled, item has returned to same position of mdn",
										"itemAttributes": {}
									},				
									{
										"itemKey": "dragEndSameLineMsg",
										"itemType": "text",
										"itemValue": "Item has returned to same position of mdn",
										"itemAttributes": {}
									},
									{
										"itemKey": "dragEndSamePos1Msg",
										"itemType": "text",
										"itemValue": "you dropped an item to the same position",
										"itemAttributes": {}
									},				
									{
										"itemKey": "dragEndNewPosMsg",
										"itemType": "text",
										"itemValue": "you moved the item of #OLD_MDN# to #NEW_MDN#",
										"itemAttributes": {}
									},	
									{
										"itemKey": "dragEndSamePos2Msg",
										"itemType": "text",
										"itemValue": "you moved the item of #OLD_MDN# to #NEW_MDN#",
										"itemAttributes": {}
									},	
									{
										"itemKey": "dragAndDropNotificationHtml",
										"itemType": "html",
										"itemValue": "<div>Drag and drop connected devices to the desired smartphone using your mouse cursor.</div><div>If you’re using a screen reader you can :</div><div><span style=\"padding-left:0px\" aria-hidden=\"true\">&#x2022;</span>&nbsp; Access details for the devices below by pressing Tab.</div><div><span style=\"padding-left:0px\" aria-hidden=\"true\">&#x2022;</span> &nbsp;Pair or unpair any connected devices by moving image elements. To drag, press Space. Press Space again to stop dragging.</div><div><span style=\"padding-left:0px\" aria-hidden=\"true\">&#x2022;</span>&nbsp;Use up and down arrows to move the draggable device to another device.&nbsp;<br /><span style=\"padding-left:10px\">Press Escape to cancel the move.</span></div>",
										"itemAttributes": {}
									},		
									{
										"itemKey": "addressText",
										"itemType": "text",
										"itemValue": "Default address:",
										"itemAttributes": {}
									},
									{
										"itemKey": "addressAriaLabel",
										"itemType": "text",
										"itemValue": "Edit default address for",
										"itemAttributes": {}
									},	
									{
										"itemKey": "locatedText",
										"itemType": "text",
										"itemValue": "Located at:",
										"itemAttributes": {}
									},
									{
										"itemKey": "addressAmazonLabel",
										"itemType": "text",
										"itemValue": "Edit Emergency address for amazon speaker located at",
										"itemAttributes": {}
									},
									{
										"itemKey": "addressGoogleLabel",
										"itemType": "text",
										"itemValue": "Edit Emergency address for google speaker located at",
										"itemAttributes": {}
									},	
									{
										"itemKey": "activationText",
										"itemType": "text",
										"itemValue": "Activation: ",
										"itemAttributes": {}
									},
									{
										"itemKey": "interactionText",
										"itemType": "text",
										"itemValue": "Last interaction: ",
										"itemAttributes": {}
									},
									{
										"itemKey": "locationAmazonLabel",
										"itemType": "text",
										"itemValue": "Remove location for amazon speaker located at ",
										"itemAttributes": {}
									},	
									{
										"itemKey": "locationGoogleLabel",
										"itemType": "text",
										"itemValue": "Remove location for google speaker located at ",
										"itemAttributes": {}
									},			
									{
										"itemKey": "batchLink",
										"itemType": "link",
										"itemValue": "Batch update",
										"actionKey": "batchAction",
										"itemAttributes": {}
									},
									{
										"itemKey": "removeLocLink",
										"itemType": "link",
										"itemValue": "Remove location",
										"actionKey": "removeLocAction",
										"itemAttributes": {}
									},
									{
										"itemKey": "editLink",
										"itemType": "link",
										"itemValue": "Edit",
										"actionKey": "editAction",
										"itemAttributes": {}
									},
									{
										"itemKey": "removeSpeakerLink",
										"itemType": "link",
										"itemValue": "Remove speaker",
										"actionKey": "removeSpeakerAction",
										"itemAttributes": {}
									},
									{
										"itemKey": "convertToStandaloneLink",
										"itemType": "link",
										"itemValue": "Convert to a standalone plan",
										"actionKey": "convertToStandaloneAction",
										"itemAttributes": {}
									},
									{
										"itemKey": "convertToNumShareLink",
										"ItemType": "link",
										"ItemValue": "Convert to NumberShare",
										"actionKey": "convertToNumShareAction",
										"itemAttributes": {}
									},
									{
										"itemKey": "numSharedWithLabel",
										"itemType": "text",
										"itemValue": "NumberShared with ",
										"itemAttributes": {}
									},
									{
										"itemKey": "ariaConvertToStandaloneLabel",
										"itemType": "text",
										"itemValue": "Convert to standalone for ",
										"itemAttributes": {}
									},
									{
										"itemKey": "ariaConvertToNumbershareLabel",
										"itemType": "text",
										"itemValue": "Convert to numbershare for ",
										"itemAttributes": {}
									},
									{
										"itemKey": "ariaNumSharedWithLabel",
										"itemType": "text",
										"itemValue": "Number shared with ",
										"itemAttributes": {}
									}
								]
							}
						],
						"data": {							
						}
					}
				]
			}
		]
	}
}