{
  "getDeviceRepairLanding": "/digital/nsa/secure/gw/devices/clnr/getDeviceRepairLanding",
  "initiateClnr": "/digital/nsa/secure/gw/devices/clnr/initiateCLNR",
  "clnrLanding": "/digital/nsa/secure/gw/devices/clnr/clnrLandingAPI",
  "clnrEligibilityandWarranty": "/digital/nsa/secure/gw/devices/clnr/clnrEligibilityandWarranty",
  "deviceDetails": "/digital/nsa/secure/gw/devices/clnr/deviceDetails",
  "retrieveReturnReasonCodes": "/digital/nsa/secure/gw/devices/clnr/retrieveReturnReasonCodes",
  "getDeviceReplacementEligibility": "/digital/nsa/secure/gw/devices/clnr/getDeviceReplacementEligibility",
  "validateAddress": "/digital/nsa/secure/gw/devices/clnr/validateAddress",
  "retrieveDeviceRepairStores": "/digital/nsa/secure/gw/devices/clnr/retrieveDeviceRepairStores",
  "retrieveCLNRInfo": "/digital/nsa/secure/gw/devices/clnr/retrieveCLNRInfo",
  "updateShippingAddress": "/digital/nsa/secure/gw/devices/clnr/updateShippingAddress",
  "bookAppointment": "/digital/nsa/secure/gw/devices/clnr/orderWrite",
  "getCLNREligibilityAndWarranty": "/digital/nsa/secure/gw/devices/clnr/getCLNREligibilityAndWarranty",
  "updateClnrInfoDetails": "/digital/nsa/secure/gw/devices/clnr/updateClnrInfoDetails",
  "getDeviceDetails": "/digital/nsa/secure/gw/devices/clnr/getDeviceDetails",
  "validateCartAndCheckout": "/digital/nsa/secure/gw/devices/clnr/validateCartAndCheckout"
}